source,author,title,description,publishedAt
wyomingnews,broadway theater; photo courtesy,Historic Broadway Theater to host exclusive paranormal investigation,"ROCK SPRINGS -- The Broadway Theater, a cultural landmark in Rock Springs, will open its doors for a rare nighttime paranormal investigation on Friday, March 27, at 8 p.m.",2026-03-17T18:42:00Z
stuff,,Kiwi charged with killing his partner and their baby after grisly discovery,Blake Seers was charged on Tuesday afternoon,2026-03-17T18:42:00Z
thedailynewsonline,,Trump belittles allies that rejected his Iran war appeals,"WASHINGTON — U.S. President Donald Trump lashed out against longtime allies, many of which have rejected his appeals for help in the Iran War effort, as the closure of a vital waterway continued to wreak havoc on global energy markets.",2026-03-17T18:42:00Z
castanet,the canadian press,"Man dead, homicide police investigating after fight at Metro Vancouver home (Metro Vancouver)","Homicide investigators are looking into the death of a man in Maple Ridge, B.C., after a reported altercation with another person in a home. Police say they responded Monday night to a call of a fight at the home located on 110 Avenue, where officers found a man in medical distress. The victim...",2026-03-17T18:42:00Z
google,,F1 LIVE: Verstappen and engineer's untelevised clash as Mercedes star wants investigation - Express.co.uk,F1 LIVE: Verstappen and engineer's untelevised clash as Mercedes star wants investigation Express.co.uk Pierre Gasly learns decision in Max Verstappen stewards investigation racingnews365.com Verstappen could gain from visit to stewards at the Chinese Grand Prix GPblog Verstappen learns verdict after Chinese Grand Prix visit to the stewards GPblog Pierre Gasly handed outcome of Max Verstappen blocking probe in F1 China Sprint qualifying Motorsport Week,2026-03-17T18:42:00Z
spokesman,jim meehan,"How far will Gonzaga go in the NCAA Tournament? | Zags Insiders Podcast - Tue, 17 Mar 2026 PST","Millions of college basketball fans spent Sunday and Monday penciling in winners on NCAA Tournament bracket sheets. Richard Fox and yours truly were decidedly less formal offering our impromptu tourney predictions on Gonzaga, the Final Four and national champion toward the end of the latest Zags Insiders Podcast.",2026-03-17T18:42:00Z
thestar_my,the star online,Peru's prime minister resigns weeks before elections,"LIMA, March ⁠17 (Reuters) - Peruvian Prime Minister Denisse Miralles ⁠has resigned, the president's office ‌said on Tuesday, just weeks ahead of general elections scheduled for April 12. Read full story",2026-03-17T18:42:00Z
seekingalpha,invesco us,Invesco Summit Fund Q4 2025 Portfolio Positioning,"At quarter end, Invesco Summit Fund's largest overweights were in industrials, energy and communication services. Read more here.",2026-03-17T18:42:00Z
southernminn,,"Schmidtke, Gordon",Gordon Schmidtke,2026-03-17T18:42:00Z
mlive,,Eastern Michigan hires Billy Donlon as 31st men’s basketball head coach,A formal press conference introducing the new Eastern Michigan men's basketball head coach will be held at a later date.,2026-03-17T18:42:00Z
fool,john ballard,"2 Unstoppable Tech Stocks to Buy Right Now for Less Than $1,000",These leaders have the assets to drive returns for their shareholders.,2026-03-17T18:42:00Z
barrons,,The Unintended Winners and Losers of the War In Iran,,2026-03-17T18:42:00Z
toi,,Man Robbed At Gunpoint By 4 On 2 Bikes In East Of Kailash,,2026-03-17T18:42:00Z
toi,,40-yr-old man fatally stabbed in robbery bid,,2026-03-17T18:42:00Z
ft_lk,,New Zealand ‘A’ cricketers to tour to Sri Lanka,The New Zealand ‘A’ cricket team will arrive in Sri Lanka in April to play three One-Day matches and two Four-Day games. The team is scheduled to arrive in the country on 2 April. Sri Lanka Cricket will use this tour to prepare the national players for upcoming international assignments while also providing an opportunity to young and emerging players and keep them ready to compete at the highest level of the game whenever the opportunity arise,2026-03-17T18:42:00Z
eonline,e! news,Pregnant Hailee Steinfeld Supports Sinners Cast After Missing Oscars,"Hailee Steinfeld will always be part of her Sinners family. While the “Capital Letters” singer was absent from the 98th Academy Awards March 15, she shared several stories on Instagram supporting...",2026-03-17T18:42:00Z
techspot,kishalaya kundu,"Intel launches Core Ultra 200HX Plus ""Arrow Lake Refresh"" chips for gaming laptops","The two new SKUs are the Core Ultra 9 290HX Plus and the Core Ultra 7 270HX Plus. The former serves as the new flagship, offering faster performance than the Core Ultra 9 285HX in both games and professional applications. Intel claims it delivers up to 7% higher single-threaded performance in Cinebench 2026. Read Entire Article",2026-03-17T18:42:00Z
toi,,HC halts secretary’s pay over missing relief,,2026-03-17T18:42:00Z
geo,geo news digital desk,"Niall Horan drops major clues about album name, tracklist in new video","Horan, 32, will drop the album's lead single, Dinner Party, on March 20 Niall Horan is sending fans on an Easter egg hunt as he prepares to unveil his new album. The former One Direction star is finally revealing details about his highly-anticipated fourth studio album, including,...",2026-03-17T18:42:00Z
bleepingcomputer,bill toulas,Europe sanctions Chinese and Iranian firms for cyberattacks,The European Union Council has announced sanctions against three entities and two individuals for their involvement in cyberattacks targeting critical infrastructure in the region. [...],2026-03-17T18:41:59Z
theguardiantheguardian,editorial,The Guardian view on the fragile politics of the union: Labour’s woes have consequences beyond Westminster | Editorial,"Following May’s elections, first ministers committed to independence could be in place in Edinburgh, Cardiff and Belfast The general election of July 2024 did not just call time on a decade and a half of Conservative rule. It also delivered the most pro-Union parliament since the early 2010s, when the meteoric rise in support for the Scottish National party (SNP) began. In Scotland, a 16-point swing away from the SNP allowed Labour to win the most votes and most seats; in Wales, Plaid Cymru made modest gains but won only four places in the House of Commons, compared to 27 for Sir Keir Starmer’s party. Since then, the many missteps of Sir Keir’s government have contributed to a swift and remarkable reversal of fortunes. In May’s Senedd elections, Plaid is on course to replace Labour as the largest party in Wales for the first time since devolution. Also profiting from the government’s woes, a revived SNP has weathered its own scandals to lead comfortably in polling for the Scottish parliament. At the party’s spring conference on Saturday, its leader, John Swinney, pointed to the “absolutely seismic” possibility that come 8 May, Scotland, Wales and Northern Ireland (which does not vote again until next year) could all have first ministers in place committed to taking their countries out of the United Kingdom. Continue reading...",2026-03-17T18:41:59Z
goskagit,,Police say they are responding to a shooting at a Georgia VA clinic and at least 1 person was airlifted to the hospital,Police say they are responding to a shooting at a Georgia VA clinic and at least 1 person was airlifted to the hospital.,2026-03-17T18:41:58Z
nvdaily,,Police say they are responding to a shooting at a Georgia VA clinic and at least 1 person was airlifted to the hospital,Police say they are responding to a shooting at a Georgia VA clinic and at least 1 person was airlifted to the hospital.,2026-03-17T18:41:58Z
woonsocketcall,,Police say they are responding to a shooting at a Georgia VA clinic and at least 1 person was airlifted to the hospital,Police say they are responding to a shooting at a Georgia VA clinic and at least 1 person was airlifted to the hospital.,2026-03-17T18:41:58Z
lufkindailynews,,Police say they are responding to a shooting at a Georgia VA clinic and at least 1 person was airlifted to the hospital,Police say they are responding to a shooting at a Georgia VA clinic and at least 1 person was airlifted to the hospital.,2026-03-17T18:41:58Z
timesargus,guest,Police say they are responding to a shooting at a Georgia VA clinic and at least 1 person was airlifted to the hospital,Police say they are responding to a shooting at a Georgia VA clinic and at least 1 person was airlifted to the hospital.,2026-03-17T18:41:58Z
clevelandbanner,,Police say they are responding to a shooting at a Georgia VA clinic and at least 1 person was airlifted to the hospital,Police say they are responding to a shooting at a Georgia VA clinic and at least 1 person was airlifted to the hospital.,2026-03-17T18:41:58Z
djournal,,Police say they are responding to a shooting at a Georgia VA clinic and at least 1 person was airlifted to the hospital,Police say they are responding to a shooting at a Georgia VA clinic and at least 1 person was airlifted to the hospital.,2026-03-17T18:41:58Z
joplinglobe,,Police say they are responding to a shooting at a Georgia VA clinic and at least 1 person was airlifted to the hospital,Police say they are responding to a shooting at a Georgia VA clinic and at least 1 person was airlifted to the hospital.,2026-03-17T18:41:58Z
mankatofreepress,,Police say they are responding to a shooting at a Georgia VA clinic and at least 1 person was airlifted to the hospital,Police say they are responding to a shooting at a Georgia VA clinic and at least 1 person was airlifted to the hospital.,2026-03-17T18:41:58Z
caledonianrecord,,Police say they are responding to a shooting at a Georgia VA clinic and at least 1 person was airlifted to the hospital,Police say they are responding to a shooting at a Georgia VA clinic and at least 1 person was airlifted to the hospital.,2026-03-17T18:41:58Z
kvue,associated press,Police say they are responding to a shooting at a Georgia VA clinic and at least 1 person was airlifted to the hospital,Police say they are responding to a shooting at a Georgia VA clinic and at least 1 person was airlifted to the hospital.,2026-03-17T18:41:58Z
jonesborosun,,Police say they are responding to a shooting at a Georgia VA clinic and at least 1 person was airlifted to the hospital,Police say they are responding to a shooting at a Georgia VA clinic and at least 1 person was airlifted to the hospital.,2026-03-17T18:41:58Z
citizentribune,,Police say they are responding to a shooting at a Georgia VA clinic and at least 1 person was airlifted to the hospital,Police say they are responding to a shooting at a Georgia VA clinic and at least 1 person was airlifted to the hospital.,2026-03-17T18:41:58Z
wthr,associated press,Police say they are responding to a shooting at a Georgia VA clinic and at least 1 person was airlifted to the hospital,Police say they are responding to a shooting at a Georgia VA clinic and at least 1 person was airlifted to the hospital.,2026-03-17T18:41:58Z
dailysentinel,,Police say they are responding to a shooting at a Georgia VA clinic and at least 1 person was airlifted to the hospital,Police say they are responding to a shooting at a Georgia VA clinic and at least 1 person was airlifted to the hospital.,2026-03-17T18:41:58Z
winknews,,Police say they are responding to a shooting at a Georgia VA clinic and at least 1 person was airlifted to the hospital,Police say they are responding to a shooting at a Georgia VA clinic and at least 1 person was airlifted to the hospital.,2026-03-17T18:41:58Z
rockdalenewtoncitizen,my account,Police say they are responding to a shooting at a Georgia VA clinic and at least 1 person was airlifted to the hospital,Police say they are responding to a shooting at a Georgia VA clinic and at least 1 person was airlifted to the hospital.,2026-03-17T18:41:58Z
wdtimes,,Police say they are responding to a shooting at a Georgia VA clinic and at least 1 person was airlifted to the hospital,Police say they are responding to a shooting at a Georgia VA clinic and at least 1 person was airlifted to the hospital.,2026-03-17T18:41:58Z
richmondregister,,Police say they are responding to a shooting at a Georgia VA clinic and at least 1 person was airlifted to the hospital,Police say they are responding to a shooting at a Georgia VA clinic and at least 1 person was airlifted to the hospital.,2026-03-17T18:41:58Z
postregister,,Police say they are responding to a shooting at a Georgia VA clinic and at least 1 person was airlifted to the hospital,Police say they are responding to a shooting at a Georgia VA clinic and at least 1 person was airlifted to the hospital.,2026-03-17T18:41:58Z
dailygazette,,Police say they are responding to a shooting at a Georgia VA clinic and at least 1 person was airlifted to the hospital,Police say they are responding to a shooting at a Georgia VA clinic and at least 1 person was airlifted to the hospital.,2026-03-17T18:41:58Z
reflector,,Police say they are responding to a shooting at a Georgia VA clinic and at least 1 person was airlifted to the hospital,Police say they are responding to a shooting at a Georgia VA clinic and at least 1 person was airlifted to the hospital.,2026-03-17T18:41:58Z
messenger_inquirer,my account,Police say they are responding to a shooting at a Georgia VA clinic and at least 1 person was airlifted to the hospital,Police say they are responding to a shooting at a Georgia VA clinic and at least 1 person was airlifted to the hospital.,2026-03-17T18:41:58Z
chronicleonline,,Police say they are responding to a shooting at a Georgia VA clinic and at least 1 person was airlifted to the hospital,Police say they are responding to a shooting at a Georgia VA clinic and at least 1 person was airlifted to the hospital.,2026-03-17T18:41:58Z
tdtnews,,Police say they are responding to a shooting at a Georgia VA clinic and at least 1 person was airlifted to the hospital,Police say they are responding to a shooting at a Georgia VA clinic and at least 1 person was airlifted to the hospital.,2026-03-17T18:41:58Z
a12news,associated press,Police say they are responding to a shooting at a Georgia VA clinic and at least 1 person was airlifted to the hospital,Police say they are responding to a shooting at a Georgia VA clinic and at least 1 person was airlifted to the hospital.,2026-03-17T18:41:58Z
ottumwacourier,,Police say they are responding to a shooting at a Georgia VA clinic and at least 1 person was airlifted to the hospital,Police say they are responding to a shooting at a Georgia VA clinic and at least 1 person was airlifted to the hospital.,2026-03-17T18:41:58Z
thefacts,,Police say they are responding to a shooting at a Georgia VA clinic and at least 1 person was airlifted to the hospital,Police say they are responding to a shooting at a Georgia VA clinic and at least 1 person was airlifted to the hospital.,2026-03-17T18:41:58Z
thederrick,,Police say they are responding to a shooting at a Georgia VA clinic and at least 1 person was airlifted to the hospital,Police say they are responding to a shooting at a Georgia VA clinic and at least 1 person was airlifted to the hospital.,2026-03-17T18:41:58Z
thetimestribune,,Police say they are responding to a shooting at a Georgia VA clinic and at least 1 person was airlifted to the hospital,Police say they are responding to a shooting at a Georgia VA clinic and at least 1 person was airlifted to the hospital.,2026-03-17T18:41:58Z
union_bulletin,,Police say they are responding to a shooting at a Georgia VA clinic and at least 1 person was airlifted to the hospital,Police say they are responding to a shooting at a Georgia VA clinic and at least 1 person was airlifted to the hospital.,2026-03-17T18:41:58Z
heraldbulletin,,Police say they are responding to a shooting at a Georgia VA clinic and at least 1 person was airlifted to the hospital,Police say they are responding to a shooting at a Georgia VA clinic and at least 1 person was airlifted to the hospital.,2026-03-17T18:41:58Z
washtimesherald,,Police say they are responding to a shooting at a Georgia VA clinic and at least 1 person was airlifted to the hospital,Police say they are responding to a shooting at a Georgia VA clinic and at least 1 person was airlifted to the hospital.,2026-03-17T18:41:58Z
dailyadvance,,Police say they are responding to a shooting at a Georgia VA clinic and at least 1 person was airlifted to the hospital,Police say they are responding to a shooting at a Georgia VA clinic and at least 1 person was airlifted to the hospital.,2026-03-17T18:41:58Z
wvnews,my account,Police say they are responding to a shooting at a Georgia VA clinic and at least 1 person was airlifted to the hospital,Police say they are responding to a shooting at a Georgia VA clinic and at least 1 person was airlifted to the hospital.,2026-03-17T18:41:58Z
yourvalley_net,the daily independent at yourvalley.net,Police say they are responding to a shooting at a Georgia VA clinic and at least 1 person was airlifted to the hospital,Police say they are responding to a shooting at a Georgia VA clinic and at least 1 person was airlifted to the hospital.,2026-03-17T18:41:58Z
weatherforddemocrat,,Police say they are responding to a shooting at a Georgia VA clinic and at least 1 person was airlifted to the hospital,Police say they are responding to a shooting at a Georgia VA clinic and at least 1 person was airlifted to the hospital.,2026-03-17T18:41:58Z
henryherald,my account,Police say they are responding to a shooting at a Georgia VA clinic and at least 1 person was airlifted to the hospital,Police say they are responding to a shooting at a Georgia VA clinic and at least 1 person was airlifted to the hospital.,2026-03-17T18:41:58Z
idahostatejournal,,Police say they are responding to a shooting at a Georgia VA clinic and at least 1 person was airlifted to the hospital,Police say they are responding to a shooting at a Georgia VA clinic and at least 1 person was airlifted to the hospital.,2026-03-17T18:41:58Z
yardbarker,sam amico,"NBA Notes: Sixers, VJ Edgecombe, Grizzlies, relocation, Lakers","No Joel Embiid. No Tyrese Maxey. No Paul George. Yet the Sixers have won three of their last four, leaning heavily on young pieces like VJ Edgecombe, Quentin Grimes and Justin Edwards, as noted by Tony Jones of The Athletic.",2026-03-17T18:41:56Z
monitor,bill oketch,Kitgum farmers in welcome revival of long-dormant cattle dip tank,"Farmers welcome dip tank revival, reducing costly manual tick treatments",2026-03-17T18:41:55Z
thederrick,george varga,"Mission Bayfest 2026 headliners include the Offspring, Kolohe Kai and Rebelution","SAN DIEGO — San Diego’s Mission Bayfest will celebrate its fifth anniversary this year with a music lineup headlined by the Offspring, Rebelution and Hawaiian reggae-pop favorite Kolohe Kai.",2026-03-17T18:41:54Z
benzinga,,"Holzer & Holzer, LLC Reminds Investors of April 24, 2026 Lead Plaintiff Deadlines in Shareholder Class Action Lawsuits Against Lakeland Industries, Inc. (LAKE) and Navan, Inc. (NAVN)","<link type=""text/css"" rel=""stylesheet"" href=""https://www.globenewswire.com/styles/gnw_nitf.css"" /> <p align=""justify"">ATLANTA, March 17, 2026 (GLOBE NEWSWIRE) -- Holzer & Holzer, LLC reminds investors of the deadline to seek to be appointed lead plaintiff in the following class action lawsuits:</p> <p align=""justify""><strong><u>Lakeland Industries, Inc. (LAKE)</u></strong></p> <p align=""justify"">The shareholder class action lawsuit filed against Lakeland Industries, Inc. (""Lakeland"") (NASDAQ:<a class=""ticker"" href=""https://www.benzinga.com/quote/LAKE"" rel=""nofollow"">LAKE</a>) alleges that Defendants made materially false and/or misleading statements and/or failed to disclose material facts regarding Lakeland's Pacific Helmets and Jolly businesses between <strong>December 1, 2023 and December 9, 2025</strong>. If you purchased Lakeland shares during this time period and suffered a significant loss on that investment, you are encouraged to discuss your legal rights by contacting Corey D. Holzer, Esq. at <a href=""https://www.globenewswire.com/Tracker?data=1Md7l-6SkpeLLlw-1CsMSXt7e4R5h6O7pAXq1T23xF0lBj3lZNyrZz3NyAIZ-cCrQLd8R235w7aDevZq0_HlQ52AV6TOoJPa-i0X2_2yVwM="" rel=""nofollow"" target=""_blank"" rel=""nofollow""> [email protected] </a>, by toll-free telephone at (888) ...</p><p><a href=https://www.benzinga.com/pressreleases/26/03/g51307701/holzer-holzer-llc-reminds-investors-of-april-24-2026-lead-plaintiff-deadlines-in-shareholder-class?utm_source=benzinga_taxonomy&utm_medium=rss_feed_free&utm_content=taxonomy_rss&utm_campaign=channel alt=Holzer & Holzer, LLC Reminds Investors of April 24, 2026 Lead Plaintiff Deadlines in Shareholder Class Action Lawsuits Against Lakeland Industries, Inc. (LAKE) and Navan, Inc. (NAVN)>Full story available on Benzinga.com</a></p>",2026-03-17T18:41:51Z
norfolkdailynews,my account,"Holzer & Holzer, LLC Reminds Investors of April 24, 2026 Lead Plaintiff Deadlines in Shareholder Class Action Lawsuits Against Lakeland Industries, Inc. (LAKE) and Navan, Inc. (NAVN)","ATLANTA, March 17, 2026 (GLOBE NEWSWIRE) -- Holzer & Holzer, LLC reminds investors of the deadline to seek to be",2026-03-17T18:41:51Z
barchart,subhasree kar,Cathie Wood Is Buying PAYP Stock After the PayPay IPO. Should You?,"After a noteworthy IPO debut, PayPay just got a major vote of confidence from Cathie Wood. Is the stock a buy today?",2026-03-17T18:41:50Z
google,,Justin Fields will get an opportunity to prove Woody Johnson wrong - NBC Sports,"Justin Fields will get an opportunity to prove Woody Johnson wrong NBC Sports Sources: Jets to trade QB Justin Fields to Chiefs for 2027 pick ESPN Chiefs trade for Patrick Mahomes' backup after uncharacteristic six-win season: reports Fox News NFL news, free agency updates: Dolphins reportedly trade WR Jaylen Waddle to Broncos; Jets trade Justin Fields to Chiefs in exchange for 6th-round pick Yahoo Sports Al Iannazzone: Jets' Darren Mougey scores major win by getting a draft pick for Justin Fields Newsday",2026-03-17T18:41:49Z
tekedia,paul ugbede godwin,Prediction Markets And The Hype of The “Future of Information”,"Prediction markets were long hyped as the potential “future of information”—a decentralized, incentive-aligned mechanism that could aggregate dispersed knowledge far better than polls, pundits, expert panels, or traditional media. The core idea rooted in economists like Robin Hanson and platforms like early Intrade or Augur is that when people put real money on the line, [...] The post Prediction Markets And The Hype of The “Future of Information” appeared first on Tekedia .",2026-03-17T18:41:48Z
techrepublic,techrepublic staff,ByteDance Delays AI Video Tool Amid Hollywood Pushback,ByteDance has reportedly paused Seedance 2.0’s global rollout after copyright disputes with Hollywood studios added new pressure to the AI video race. The post ByteDance Delays AI Video Tool Amid Hollywood Pushback appeared first on TechRepublic .,2026-03-17T18:41:48Z
dailywire,michael knowles,One Of The Most Evil Men In History Just Died,"The following is an edited transcript excerpt from The Michael Knowles Show. * * * We’re not supposed to say anything but good about people who’ve just died. As the saying goes, speak no ill of the dead. This man, however, left a wake of death, destruction, and catastrophe wherever he went. And most people ...",2026-03-17T18:41:42Z
timesnownews,sonal pandya,"Dhurandhar 2 Music Launch: 5 Best Moments With Stars Ranveer Singh, Sara Arjun And Composer-Singer Shashwat Sachdev","An electrified Ranveer Singh took to the stage to launch the music of Dhurandhar 2. The Hindi sequel begins paid previews on March 18 ahead of its worldwide release on March 19. Before that, Ranveer Singh, Sara Arjun and music talent behind the film performed to a raucous crowd.",2026-03-17T18:41:42Z
irishtimes,keith duggan,Martin was left with two choices as Trump recited an increasingly cranky litany of complaints,"At the Oval Office, Micheál Martin drew on his skills of diplomacy to delicately defend Keir Starmer and Europe",2026-03-17T18:41:42Z
thewillnews,ezaga evi-ben; thewill,Benin Traditional Council Declares Peller Wanted After Unauthorised Visit To Palace,"March 17, (THEWILL) — The Benin Traditional Council has declared popular TikTok streamer, Habeeb Hamzat Adelaja, also known as Peller, wanted, following what it described as a serious breach of palace protocol. The incident occurred on March 6, 2026, when the streamer reportedly gained unauthorised access to the Palace of the Oba of Benin, Oba Ewuare II, and [...] The post Benin Traditional Council Declares Peller Wanted After Unauthorised Visit To Palace appeared first on THEWILL NEWS MEDIA .",2026-03-17T18:41:41Z
hoodline,wei chen,Quebec Man Extradited to Tampa Over 300K Synthetic Pills,"A 49‐year‐old from Quebec was extradited from Spain and charged in Tampa with conspiring to import 300,000 synthetic opioid pills, prosecutors say.",2026-03-17T18:41:39Z
theberkshireedge,berkshire grown; valley classical concerts; berkshire south regional community center,Southern Berkshire Regional School District faces tough budget choices as town assessments could rise by 18 percent,"With town assessments potentially rising by as much as 18 percent, residents and officials pushed back on Superintendent Brian Ricca's proposed fiscal 2027 budget options and criticized him for presenting it without line items.",2026-03-17T18:41:39Z
digitalmusicnews,ashley king,Standoff Over Wasserman Continues at LA28 Olympic Committee,"As the Los Angeles City Council overwhelmingly pushes to oust Casey Wasserman from the Olympic Committee, LA28 seems unbothered.",2026-03-17T18:41:38Z
thesun,kostas lianos,WWE star Tiffany Stratton stuns in incredible new gear as adoring fans declare they’re ‘actually obsessed’,"WWE superstar Tiffany Stratton left pro wrestling fans in awe as she revealed her new ring gear. Stratton, 26, is one of the most popular wrestlers in the world as she has been wowing the crowds since 2021 with her incredible athleticism which originated as part of Team USA's gymnastics team. And the ex-WWE Women's...",2026-03-17T18:41:35Z
oregonlive,,Oregon Ducks mailbag: Spring football starts with intrigue in several areas,Aaron Fentress answers questions regarding the Oregon football team.,2026-03-17T18:41:35Z
devdiscourse,devdiscourse news desk,Border Tensions Ignite as Colombia and Ecuador Exchange Accusations,"Border Tensions Ignite as Colombia and Ecuador Exchange Accusations Tensions have flared between Colombia and Ecuador following explosive assaults near their shared frontier. Colombian President Gustavo Petro categorically stated on Tuesday that Colombia's forces were not responsible for the bombings, which resulted in 27 casualties found in the region. Meanwhile, Ecuador's President Daniel Noboa affirmed that his country conducted operations against drug traffickers on its soil, refuting Petro's implications that Ecuadorian forces trespassed into Colombian territory. 'We are operating within our borders and will continue to clean up Ecuador,' Noboa declared. The discord was further exacerbated by previous friction over tariffs and trade policies. Noboa had previously increased tariffs on Colombian imports, accusing Colombia of inadequate drug trafficking control, to which Colombia considered retaliatory measures.",2026-03-17T18:41:34Z
mobilesyrup,matthew mountjoy,Bell says stolen copper caused New Brunswick internet outage,"Bell says that stolen copper is the cause of an internet outage that impacted nearly 200 people across three New Brunswick communities over the weekend. A Bell spokesperson confirmed to CBC New that 187 internet customers in Durham Bridge, South Portage, and Fredericton were affected by the outage. The outages started in Durham Bridge and [...]",2026-03-17T18:41:34Z
thegeorgiasun,b.t. clark,67-year-old man struck and killed by train in Barrow County,A 67-year-old man was struck and killed by a CSX train in Barrow County on Monday after the conductor spotted him lying on the tracks. What’s Happening: Johnny Ray Gooch was killed after a CSX train struck him at Atlanta Highway NW and Cedar Creek Road in Winder at around 11:59 a.m. on March 16. [...] The post 67-year-old man struck and killed by train in Barrow County appeared first on The Georgia Sun .,2026-03-17T18:41:34Z
syracuse,,"Country singer stops show after fan hurls phone at his face, gets stitches","The phone hit the “I Wish Grandpas Never Died” in the face, near his ear.",2026-03-17T18:41:33Z
thecouriertimes,aysha safi; isabelle wesselingh afp,Afghan govt says 'around 400' killed in Pakistani strike on Kabul rehab clinic,"The Afghan government said on Tuesday that about 400 people were killed in a Pakistani air strike on a drug rehabilitation centre in the capital, Kabul, in the deadliest attack in the recent violence between the two neighbours.",2026-03-17T18:41:27Z
toi,sidhharrth s kumaar,"Love Horoscope Today, March 18, 2026: What the stars say about your love life","Discover your daily horoscope for love and relationships. Each zodiac sign receives guidance on strengthening bonds, practicing forgiveness, and embracing self-love. Today's cosmic insights encourage open communication, acceptance of flaws, and trusting your heart's desires to foster deeper connections and personal growth.",2026-03-17T18:41:26Z
telanganatoday,telangana today,Telangana DKR FC qualifies for Indian Women’s League II,"Telangana DKR FC has become the first team from Telangana to qualify for the Indian Women’s League II. The Telangana Football Association launched the team jersey in Hyderabad, with the tournament scheduled from March 22 to 30 in Thrissur",2026-03-17T18:41:25Z
stiripesurse_ro,andreea năstase,"Parliament-budget2026/Budget of Ministry of Economy, Digitalization, Entrepreneurship and Tourism, approved by budget-finance committees","The budget of the Ministry of Economy, Digitalization, Entrepreneurship and Tourism for 2026 was approved on Tuesday by the Budget and Finance Committees of the Senate and the Chamber of Deputies, with 36 votes in favor and 11 against.""Of these a...",2026-03-17T18:41:24Z
comingsoon,ryan louis mantilla,Glen Powell’s Crocodile Horror Movie Gets Exciting First Details,"The first details on Glen Powell’s newest project have been unveiled. What do we know about Glen Powell’s crocodile horror movie? Lionsgate has landed screenwriters Kas Graham and Rebecca Pollock’s horror-thriller project, The Death Roll. Powell is set to produce the movie via his Barnstorm banner, alongside Dan Cohen. The Order producer Bryan Haas will [...] The post Glen Powell’s Crocodile Horror Movie Gets Exciting First Details appeared first on ComingSoon.net - Movie Trailers, TV & Streaming News, and More .",2026-03-17T18:41:24Z
globalnews,ariel rabinovitch,Iran war is ‘a dark cloud’ over Bank of Canada and the spring fiscal update,The Bank of Canada is set to update interest rates on Wednesday as the Iran war brings a dark cloud over the Canadian economy and ahead of Ottawa's expected spring fiscal update.,2026-03-17T18:41:23Z
google,,Iran war is ‘a dark cloud’ over Bank of Canada and the spring fiscal update - Global News,"Iran war is ‘a dark cloud’ over Bank of Canada and the spring fiscal update Global News Bank of Canada expected to hold firm on rates. Here’s where experts see interest rates going this year Toronto Star Bank of Canada expected to hold rates amid oil-driven inflation risk The Globe and Mail Iran, CUSMA: What they mean for the Bank of Canada and the housing market Yahoo! Finance Canada What to Expect from the Bank of Canada’s March Meeting Morningstar Canada",2026-03-17T18:41:23Z
the_tob,admin,Alzheimer’s Association Announces New Brain Health Roundtable,"—– Coalition will drive national action to advance brain health and reduce dementia risk —– CHICAGO, March 17, 2026 /PRNewswire/ — The Alzheimer’s Association today announced the launch of the Alzheimer’s Association Brain Health Roundtable, a new cross–sector coalition working to elevate brain health as a national public health priority and accelerate the adoption of [...]",2026-03-17T18:41:20Z
fxstreet,,Forex Today: US Dollar extends losses ahead of Fed decision as Middle East tensions escalate,The US Dollar (USD) lost its firmness and is now on a two-day losing spree. The Greenback initially fell because investors were cautious over the Middle East war and Wednesday's Federal Reserve (Fed) monetary policy decision.,2026-03-17T18:41:18Z
mlive,,"‘Blue’s Clues’ host to talk 2000s nostalgia, music career at Kalamazoo event","The actor and musician, guided by a local radio personality, will reflect on his career and the show's cultural impact.",2026-03-17T18:41:18Z
globalnews,john chidley-hill,Murray-Boyles could return on Raptors road trip,"A day later, and Collin Murray-Boyles was still salty that the veteran players on the Toronto Raptors had filled his car with popcorn.",2026-03-17T18:41:15Z
realhotnewhiphop,alexander cole,Karlissa Saffold Exposes Text Messages With Chrisean Rock Amid Chrisean Jr. Disability Debate,"After claiming that Chrisean Jr. doesn't have a disability, Chrisean Rock is being called out by Karlissa Saffold in a public way. The post Karlissa Saffold Exposes Text Messages With Chrisean Rock Amid Chrisean Jr. Disability Debate appeared first on HotNewHipHop .",2026-03-17T18:41:14Z
andhrabhoomi,dc correspondent,Muslim Body Alleges Contradictions on Waqf Lands,"Samiti flags land use, pending mosque approvals, seeks action on promises",2026-03-17T18:41:14Z
usmagazine,mike vulpo,Sunny Hostin Explains Why Her Voice Sounds Different on ‘The View’,"Sunny Hostin is addressing her recent voice change on The View. “Let me address my voice first, because people are noticing. I have some vocal cord nodules, apparently on my voice,” Hostin, 57, shared on the Monday, March 16, episode of the “Behind the Table” podcast. “This started in December when I went away and [...]",2026-03-17T18:41:13Z
thenorthlines,northlines,Terror Funding Case: SC grants bail to Shabir Shah with strict conditions,"New Delhi: The Supreme Court of India has granted bail to Kashmiri separatist leader Shabir Ahmed Shah in a terror funding case, imposing strict conditions on his release after more than eight years in custody. In its March 12 order, a bench of Justices Vikram Nath and Sandeep Mehta said prolonged incarceration without timely trial [...] The post Terror Funding Case: SC grants bail to Shabir Shah with strict conditions appeared first on Northlines .",2026-03-17T18:41:12Z
cullmantribune,gauge day,Obituary: Betty Ann Morris,"Funeral Service for Betty Ann (Griffin) Morris, will be at 1 p.m. on Wednesday, March 18, 2026, at Cullman Heritage Funeral Home with Jimmy Cadle officiating; burial at Flint Creek Cemetery. Visitation will be from 6 p.m. – 8 p.m. on Tuesday, March 17, 2026, at Cullman Heritage Funeral Home. Cullman Heritage Funeral Home is [...]",2026-03-17T18:41:12Z
ripplesnigeria,adekola shobiye,NGX: Equities market bullish run continues as investors gain N696bn,"Investors in the Nigerian equities market gained N696 billion at the beginning of trading on Tuesday. This followed a surge in the share prices of stocks such as Bua Cement, Premier Paints and Zenith Bank among others on the trading floor. The benchmark All-Share Index (ASI) increased to 202,559.41 points from the 201,474.89 points recorded on [...] The post NGX: Equities market bullish run continues as investors gain N696bn appeared first on Latest Nigeria News | Top Stories from Ripples Nigeria .",2026-03-17T18:41:11Z
thestandard_hk,winona cheung,Asia's first dedicated legal history association launches in HK to deepen regional scholarship,"The Asian Legal History Association (ALHA), the first sustained institutional platform dedicated to Asian legal history research and cross-border academic collaboration in the region, hosted its official launch in Hong Kong on Tuesday.",2026-03-17T18:41:11Z
firstpost,fp news desk,"‘I watched Dhurandhar’: Carney, Finnish President discuss Aditya Dhar’s film on Hyde Park jog","Canada's Carney and Finland’s President Alexander Stubb, along with their wives, discussed Aditya Dhar’s hit film Dhurandhar during a morning jog in London’s Hyde Par",2026-03-17T18:41:10Z
yardbarker,justin rimpi,Star Offensive Lineman Wyatt Teller Agrees On 2-Year Contract With Houston Texans,"The Houston Texans have a very simple, yet incredibly vital mission this offseason: Keep C.J. Stroud upright, happy, and free from the terrifying reality of 300-pound defensive tackles crashing into his ribcage.",2026-03-17T18:41:10Z
lawtimesnews,the canadian press,OPP report finds no evidence of wrongdoing for officers in Umar Zameer case,Police probe clears three Toronto police witnesses of criminal conduct in Northrup death,2026-03-17T18:41:09Z
theguardiantheguardian,editorial,"The Guardian view on falling donations to charity: rising living costs are part of the problem, but not all of it | Editorial","Lack of confidence in the voluntary sector seems linked to a more general fraying of social bonds BBC Radio 1’s Greg James reached the halfway point of his 1,000km bike ride for Comic Relief just outside Doncaster, in South Yorkshire, on Tuesday lunchtime. The Radio 1 stunt is a popular fixture of the annual charity fundraiser – played out all day long with regular updates on the station, and enthusiastic reminders to “text 10, 20 or 30”. On Red Nose Day , which falls on 20 March, Mr James and his tandem – on which assorted celebrities have joined him – can expect to be greeted by cheering crowds in Edinburgh. There is nothing not to like about this warm-hearted caper. The takings from these feats of endurance by presenters reached a record £2.2m last year – when Jamie Laing ran five ultra marathons in five days. But away from the buzzy spotlight of national radio, and seasonal appeals such as the Guardian’s, which raised more than £1m between December and January, charities are facing tough times. Concerning details of the current downward trend are set out in the latest report from the Charities Aid Foundation (CAF), which recorded the first overall drop in donations since 2021. Continue reading...",2026-03-17T18:41:09Z
toi,,“So It’s Official?”: Fans React As Lewis Hamilton Comments On Kim Kardashian’s Post,"Romance rumours between seven-time world champion Lewis Hamilton and reality TV star Kim Kardashian intensified after his reaction to her Instagram post sparked fan buzz. The duo was recently spotted together as well. Meanwhile, Hamilton returned to the podium at the Chinese Grand Prix, securing his first top-three finish with Ferrari.",2026-03-17T18:41:06Z
dailyhive,trevor beggs,McKenna vs. Stenberg: Who Vancouver Canucks should draft if they win the lottery,"Vancouver Canucks fans know the pain of the draft lottery all too well. The franchise was cursed from day one, losing the draft lottery back in 1970 before they ever played a game. And here we are, 56 years later, and the Canucks are still waiting for their first-ever number-one draft selection. Well, if there’s a year for the Canucks to win, this would be the one. The Canucks have virtually locked up last place in the NHL standings, with the 31st-place Calgary Flames being 11 points ahead of them. That gives Vancouver 25.1 per cent odds of drafting first overall. If they do win the lottery for the first time in franchise history, they’ll have a choice between two potential stars. But which player makes the most sense to take first overall? THE CASE FOR STENBERG There might not be an organization in the NHL with a stronger affinity for Swedish hockey players. From Patrick Sundstrom to Markus Naslund, the Sedin twins, Mattias Ohlund, and even Elias Pettersson before his precipitous downfall, the Canucks have long rostered some of the most impactful Swedish players in NHL history. Whether he joins the Canucks or not, Ivar Stenberg is certainly on the verge of joining the club of highly impactful Swedish NHLers. The 18-year-old just finished his SHL season with the second-most points by a draft-eligible player in league history, trailing only Daniel Sedin. > Ivar Stenberg finishes with the 2nd highest P/GP (min 10 GP) by a draft-eligible player in SHL/SEL history. #NHLDraft pic.twitter.com/l5jikn0DCT > > — Stat Boy Steven 🇳🇱🇮🇪 (@StatBoy_Steven) March 14, 2026 Not only has his production been eye-catching, but he led Sweden in points at the World Juniors, helping them win gold for the first time in 14 years. > Ivar Stenberg with a dominant O-zone sequence leading to a Sascha Boumedienne goal pic.twitter.com/w6AWxAlIDA > > — BHF (@BlackhawksFocus) January 2, 2026 The puck skills are clearly high-end among his age group. And, while he does have a good shot, his skill set is more that of a playmaking winger. While physicality isn’t his calling card, like another former elite Swedish prospect, Peter Forsberg, he does have it in his toolkit. > Ivar Stenberg with a big reverse hit 😳 pic.twitter.com/zuQJcrBZ9I > > — BHF (@BlackhawksFocus) January 4, 2026 Did we mention he’s Swedish? Well, if he were to join the Canucks, he would have a pretty good resource in Vancouver with the Sedin twins “When I was young, I really liked the Sedin twins,” Stenberg said this week on Donnie and Dhali. Right now, he’s tracking to have an NHL career that could be just as impactful. THE CASE FOR MCKENNA Stenberg would be a massive get for any NHL team lucky enough to snag a top-two pick. But if teams are truly shooting for the player with the best chance of being a superstar, the choice has to be Gavin McKenna. Both Stenberg and McKenna project to be elite playmakers; however, the Yukon-native should be considered a step above his Swedish counterpart. Much of the tentativeness on McKenna’s draft stock was baked into his slow start in the NCAA, coupled with a World Juniors showing where he led the tournament in scoring, but also had some frustrating moments at both ends of the ice. However, if there’s one thing McKenna has consistently done, it’s find a way to adapt. He came back from the World Juniors and began posting points in big numbers at the NCAA level. His production on the year (1.5 points per game) is now comparable to that of Logan Cooley (1.53 points per game), but a tier below the likes of Macklin Celebrini (1.68), Adam Fantilli (1.8), and Jack Eichel (1.77). If he figured things out earlier in the season, there likely wouldn’t be a question about his draft stock. Even at the World Juniors, McKenna ended on a high with four points in the Bronze Medal Game. Throughout the highs and lows, his incredible puck skills were on display. > GAVIN MCKENNA, BEHAVE 🤯 > > THAT'S THE HAT-TRICK, AND IT'S 7-1 CANADA 🇨🇦 #WorldJuniors pic.twitter.com/xwtP3Ko0P9 > > — TSN (@TSN_Sports) December 30, 2025 McKenna’s skills are hard to ignore. He consistently slows the game down to his pace, finding his teammates with ease all over the ice. > Gavin McKenna is so good. The way this kid slows the game down is nuts. You play at his speed pic.twitter.com/Rn2pNtjRxJ > > — Mike Grinnell (@MikeGrinnell_) March 12, 2026 He also has the ability to create plays out of nothing. > Gavin McKenna is still going 1st pic.twitter.com/G2fEX7vdje > > — World Hockey Report (@worldhockeyrpt) January 24, 2026 It’s easy for fans and pundits to watch these highlights and think, how can he not go first overall? But there’s a reason scouts have been so divided throughout the year. McKenna may have the edge in terms of skating and playmaking, but Stenberg’s exceptional offensive skills are hard to ignore. He combines it with a compete level that appears to be higher than McKenna’s, and the 5-foot-11, 180-pound forward has also been more successful at winning puck battles on the wall. But typically, when drafting first overall, you bet on elite talent. McKenna still holds the draft minus-two record for most points in a CHL season, ahead of both Connor Bedard and Connor McDavid. While it took some time in the NCAA, those elite skills have been on display. Other dynamic forwards who were selected first overall, like Patrick Kane, weren’t lauded for being defensive stalwarts, and that hardly seemed to matter. It’s easy to see the same thing happen with McKenna. While the debate between these players is closer than most hockey fans in Vancouver want to believe, passing on McKenna does seem implausible for a Canucks team that so desperately lacks elite talent. You might also like: - Vancouver Canucks ownership finally 'fully onboard' with a long-term rebuild: report - Is history doomed to repeat itself for Vancouver Canucks with Nils Höglander? - 2028 World Cup of Hockey awarded to two cities in Canada and one in Europe",2026-03-17T18:41:05Z
si,mitchell corcoran,"Aug 30, 2025; Pittsburgh, Pennsylvania, USA; Pittsburgh Panthers head coach Pat Narduzzi reacts on the sidelines against the Duquesne Dukes during the fourth quarter at Acrisure Stadium. Mandatory Credit: Charles LeClaire-Imagn Images",Pat Narduzzi was not very happy to hear the news about another change to Acrisure Stadium for the Pitt Panthers.,2026-03-17T18:41:02Z
beforeitsnews,truth excavator,The Target Was Always America,"Not Afghanistan. Not Iraq. Not Libya. Not Syria. Not Lebanon. Not Somalia. Not Sudan. And not Iran. It means nothing to ascertain the reasons for war, especially when those that are supplied to the public change by the day to reflect a [...]",2026-03-17T18:41:01Z
berkshireeagle,jeannie maschino,Pittsfield: Greylock offers free financial webinars,Greylock Federal Credit Union will offer two free Zoom workshops in March: “Avoiding a Financial Crisis” in Spanish on March 23 and “Preparing for Homeownership” on March 25.,2026-03-17T18:41:00Z
benzinga,,"California American Water Completes $156,500 Wastewater Treatment Plant Upgrade at Carmel Valley Ranch","PACIFIC GROVE, Calif. , March 17, 2026 /PRNewswire/ -- California American Water recently completed a screen replacement project at the Carmel Valley Ranch wastewater treatment plant, which will reduce energy costs and improve overall efficiency. The company has managed and operated the wastewater treatment plant since 2002, consistently implementing technology upgrades to enhance efficiency and maintain operational excellence. ""The project replaced the existing effluent filters and intake screens,"" said Oliver Bell, Project Engineer at California American Water in Pacific Grove . ""The previous screens required both more maintenance and more energy, while the improved technology increases efficiency and reduces energy needs."" Headworks screens are the ... Full story available on Benzinga.com",2026-03-17T18:41:00Z
toi,,"Drone overdrive, e-khata mess: MLAs slam Bengaluru’s governance",,2026-03-17T18:41:00Z
castanet,kathy michaels,Shred it like Beckham: UK soccer star in Fernie on ski trip (BC),"The slopes at a B.C. ski hill are glittering a little brighter Tuesday, courtesy of visiting international star power. ""Every year I try to take four days in the mountains in Fernie British Columbia —one of my favorite places to be,"" David Beckham said in a Monday night post on hi...",2026-03-17T18:41:00Z
starcommunity,,Crs clash over Taha funding,"Greater Dandenong councillors have clashed over the Federal Government’s withdrawal of $670,000 funding to the Taha Association Centre. Independent councillor Rhonda Garad began a report at a 16 March council meeting by acknowledging the Taha Association Centre’s valued service and role within the community, stating... Read more The post Crs clash over Taha funding appeared first on Star Community .",2026-03-17T18:41:00Z
toi,,"With eye on quality, PWD to conduct random checks of its road projects",,2026-03-17T18:41:00Z
unionleader,,Angeliki Kanellos,"CONWAY, SC — Angeliki (Kiakas) Kanellos, 93, passed away from natural causes in South Carolina surrounded around her loved ones.",2026-03-17T18:41:00Z
whatnowaus,twinkle jha,Well-Known Smoothie Bar With 1000+ Locations Just Dropped a Protein-Packed Surprise,​Smoothie King rolls out two Greek Yogurt Bowls for its protein-conscious customers.,2026-03-17T18:41:00Z
toi,,Rs 1cr compensation for girl injured by power line near house in 2022,,2026-03-17T18:41:00Z
fastcompany,maría josé gutierrez chavez,‘You were the product the whole time’: Pokémon Go fans react to quietly being used to help robots deliver pizza,"Walking down the street to scavenge for creatures like Snorlax and Squirtle was a regular 2016 activity, as the world was introduced to augmented reality (AR) games thanks to Pokémon Go . But now, 10 years later, images captured by players looking to “catch them all” are helping Niantic Spatial—a spinout of Niantic , the San Francisco–based company behind the game—teach robots to navigate the world more effectively by building a highly accurate Visual Positioning System. “It turns out that getting Pikachu to realistically run around and getting Coco’s robot to safely and accurately move through the world is actually the same problem,” John Hanke, CEO of Niantic Spatial, told MIT Technology Review . According to MIT Technology Review ‘s recent report, Niantic Spatial partnered with Coco Robotics, whose flight‐case‐size delivery robots can often be spotted on the sidewalks of Los Angeles, Chicago, Jersey City, Miami, and Helsinki. But the success of the robots depends on them reaching their destination on time—meaning not getting lost. That’s where Pokémon comes in. When searching for highly coveted Pokémon, players flocked to hotspots, taking multiple scans of the surrounding urban environments capturing many angles of a single location. These scans—as well as those captured by players of Ingress , another Niantic phone‐based AR game—became some of the 30 billion images used to train Niantic’s current visual positioning model. “We had a million‐plus locations around the world where we can locate you precisely,” Brian McClendon, CTO at Niantic Spatial, told MIT Technology Review . Gathering enough data to create one of the world’s largest image data sets required an enormous manpower—relying on players of a popular game to help. Just in its first week, Pokémon Go was downloaded by over 500 million people, still drawing in millions of users almost a decade later. Not all data is used for the mapping efforts, with players having to opt-in to scan their surrounding. For instance, the data used to train the model received scans from the 2020 feature called “Field Search,” which gave players in-game rewards in exchange for scanning landmarks. Niantic did not respond to a request for comment at the time of publication. While many players may have opted in without understanding the implications, Niantic’s terms of service is transparent about the company using user content to produce new services. But while helping robots bring warm pizza to college students seems like a noble pursuit, not everyone is happy—or surprised. “500 million people played Pokemon go, scanned every street, building, and corner on earth, thought they were catching Pikachu. Niantic was building a 30 billion image AI map of the world now powering delivery robots that don’t need GPS,” a user shared to X . “You were the product the whole time.” At the same time, many users claim to have seen it coming. “Anyone who thought the AR task was there for anything other than collecting real world data is oblivious to the real word. I fully expected it.” One user shared on Reddit. Another added , “No shit, did you think we were scanning pokestops for shits and giggles?” And others are taking the news with humor. “Have you seen some of these poor bots trying to navigate,” One Redditor says . “We didn’t do a good job.”",2026-03-17T18:41:00Z
toi,,"Apartments await KAOMA-2025, political timing clouds bill’s future",,2026-03-17T18:41:00Z
erienewsnow,lillian baldi,Power Outages Continue in Parts of Fairview Township,The Fairview area have had reports of several power outages in the area. Some residents have reported that their power has been out since March 15.,2026-03-17T18:41:00Z
nbcnewyork,chris jose,"Woman stabbed repeatedly in apparent random attack at Queens bus stop, police say",Video showed the man stalk and then attack the 30-year-old woman on the corner 23rd Avenue and 94th Street in East Elmhurst. Police said the victim was stabbed...,2026-03-17T18:41:00Z
nbcnews,kevin collier,Senator introduces bill to draw red lines limiting AI use by military,"Senator Elissa Slotkin, a Michigan Democrat on the Armed Services Committee, has introduced a bill to the Senate to regulate the Pentagon’s use of AI.",2026-03-17T18:41:00Z
pravda_uk,tetyana oliynyk,Zelenskyy gives King Charles iPad showing Ukraine's battlefield and airspace situation,Ukrainian President Volodymyr Zelenskyy has demonstrated software that monitors airstrikes on Ukraine and battlefield activity in real time. He presented a tablet featuring the system to King Charles III of the United Kingdom to reinforce bilateral cooperation.,2026-03-17T18:41:00Z
globenewswire_fr,,"Holzer & Holzer, LLC Reminds Investors of April 24, 2026 Lead Plaintiff Deadlines in Shareholder Class Action Lawsuits Against Lakeland Industries, Inc. (LAKE) and Navan, Inc. (NAVN)","ATLANTA, March 17, 2026 (GLOBE NEWSWIRE) -- Holzer & Holzer, LLC reminds investors of the deadline to seek to be appointed lead plaintiff in the following class action lawsuits:",2026-03-17T18:41:00Z
cision,cision pr newswire,"California American Water Completes $156,500 Wastewater Treatment Plant Upgrade at Carmel Valley Ranch","PACIFIC GROVE, Calif., March 17, 2026 /PRNewswire/ -- California American Water recently completed a screen replacement project at the Carmel Valley Ranch wastewater treatment plant, which will reduce energy costs and improve overall efficiency. The company has managed and operated the...",2026-03-17T18:41:00Z
cision,cision pr newswire,"In HelloNation, Dance Education Expert Lori A. Bowen, MDE of Joliet, IL, Shares How Dance Empowers Young Minds with Joyful Movement and Confidence","JOLIET, Ill., March 17, 2026 /PRNewswire/ -- How does youth dance empower children beyond the studio walls? A HelloNation article answers this question by highlighting how structured dance classes strengthen working memory, emotional regulation, body awareness, and lasting dance...",2026-03-17T18:41:00Z
yardbarker,nilaav ranjan gogoi,Dana White Urged to Respect Jon Jones’ Demands After Calling Him 'Greatest Fighter Ever',"Jon Jones’ UFC White House dreams have been crushed. This development also crushed his hopes of a return to the Octagon, as Dana White blatantly urged Jones to stay retired.",2026-03-17T18:40:59Z
bbc,jonny humphries,'Holiday Inn refusing to let me stay because I was homeless changed my life',"Calumn Donaghey's treatment sparked outrage, but he has made significant progress since then.",2026-03-17T18:40:58Z
financialpost,bloomberg news,Xanadu moves closer to public listing as quantum race heats up,The Canadian tech startup plans a dual listing on both the Nasdaq and the Toronto Stock Exchange,2026-03-17T18:40:58Z
devdiscourse,devdiscourse news desk,Denis Sassou N'Guesso: Re-Elected Amidst Controversy,"Denis Sassou N'Guesso: Re-Elected Amidst Controversy Denis Sassou N'Guesso has been re-elected for a fifth consecutive term as President of the Republic of Congo. Provisional results announced on Tuesday reveal he secured a staggering 94.82% of the vote. Interior Minister Raymond Zephirin Mboulou shared the results via state television, underscoring Sassou N'Guesso's long-standing grip on power. The election, featuring six other candidates challenging the 82-year-old leader, was marked by an internet blackout and restricted traffic in the capital. Sassou N'Guesso first ascended to leadership in 1979, later returning after a civil war in 1997. Despite criticism and boycotts from opposition parties over alleged unfair practices, the President was the only contender extensively campaigning nationwide. Amidst concerns of economic turmoil, with international debt over 94% of GDP and rising youth unemployment, Sassou N'Guesso's tenure continues as part of a broader African trend of aging leaders retaining power. The Republic of Congo faces a daunting future under his extended leadership, confronting poverty and demographic challenges that demand urgent attention.",2026-03-17T18:40:57Z
therecord,,Edmonton Oilers star Leon Draisaitl out for regular season with lower-body injury,"EDMONTON - Edmonton Oilers star forward Leon Draisaitl was expected to miss the rest of the regular season with a lower-body injury, the NHL team said Tuesday.",2026-03-17T18:40:55Z
stcatharinesstandard,the canadian press,Edmonton Oilers star Leon Draisaitl out for regular season with lower-body injury,EDMONTON - The Edmonton Oilers say star forward Leon Draisaitl will miss the rest of the regular season with a lower-body injury.,2026-03-17T18:40:55Z
thespec,the canadian press,Edmonton Oilers star Leon Draisaitl out for regular season with lower-body injury,"EDMONTON - Edmonton Oilers star forward Leon Draisaitl was expected to miss the rest of the regular season with a lower-body injury, the NHL team said Tuesday.",2026-03-17T18:40:55Z
abc4,,"Utah hit-and-run fatalities rise, officials urge drivers to stay and report",A new study by AAA has revealed a worrying increase in hit-and-run crashes across the nation.,2026-03-17T18:40:55Z
cnbc,,"Extreme volatility coming out of the oil market, says Blue Line Futures' Phil Streible","Phil Streible, Blue Line Futures, joins 'Power Lunch' to discuss recent oil price movements, if the crude oil market will return to oversupplied and much more.",2026-03-17T18:40:54Z
miragenews,mirage news,War Secretary Unveils General Officer Picks For March '26,Secretary of War Pete Hegseth announced today that the president has made the following nomination: Army Brig. Gen. Thad J. Collard for appointment to,2026-03-17T18:40:54Z
ktla,,'Dune: Part Three' trailer drops ahead of December 18 release,"The spice must flow - and this December, it flows one final time. Warner Bros. has released the first trailer for ""Dune: Part Three,"" giving fans their best look yet at Denis Villeneuve’s conclusion to one of the most acclaimed sci-fi trilogies in recent memory. The film hits theaters December 18, 2026. Based on Frank [...]",2026-03-17T18:40:52Z
mandatory,evolve editors,Ex-Prince Andrew’s Daughters Told To Ditch Using Royal Privilege by Expert,"Princess Beatrice and Princess Eugenie, daughters of the ex-Prince Andrew Mountbatten-Windsor, are no longer working royals. But their continued access to certain royal privileges is raising eyebrows among experts. Richard Fitzwilliams, a royal expert, argues that the York sisters have their own jobs, and while they retain their titles, they should not use them, just [...] The post Ex-Prince Andrew’s Daughters Told To Ditch Using Royal Privilege by Expert appeared first on Mandatory .",2026-03-17T18:40:51Z
kotatv,julia thyret,"7-ton asteroid triggers massive boom heard in Ohio and Pennsylvania, NASA confirms",Thousands of people in northeast Ohio and parts of Pennsylvania and New York heard and felt a massive boom believed to have been caused by a meteor.,2026-03-17T18:40:49Z
sabanew,,Minister of Civil Service discusses strengthening institutional reform cooperation with British Ambassador,"ADEN – SABA The Minister of Civil Service and Insurance Salem al-Awlaki held talks Tuesday via video conference with the British Ambassador to Yemen Abda Sharif. The talks tackled cooperation in the field of institutional reform, along with a number of issues related to service conditions. The meeting discussed efforts provided through the technical assistance mechanism to support the government’s direction, particularly in reforming the pension system, developing public institutions, and injecting young personnel based on professional standards. The meeting also touched on the new Saudi support provided to Yemen with Minister al-Awlaki praising its importance in continuing government reforms and improving services. The Minister of Civil Service commended the United Kingdom’s supportive role to government and its backing of efforts aimed at restoring state institutions and alleviating citizens’ suffering. He also praised the bilateral relations between the two countries. For her part, the British Ambassador affirmed her country’s commitment to continuing support for the Yemeni government and efforts to restore state institutions.",2026-03-17T18:40:49Z
eonline,e! news,Kathy Griffin Swaps Out Red Hair in Blonde Hair Transformation,"Kathy Griffin is trying something new. While the 65-year-old has donned her signature red locks—often accompanied by bangs—for decades, she recently shook up her look by debuting platinum blonde...",2026-03-17T18:40:49Z
thehill,,Roberts on personal attacks against judges: ‘It’s got to stop’,"Chief Justice John Roberts on Tuesday pushed back on personal attacks against judges, calling it “dangerous” and a “problem.” “Judges around the country work very hard to get it right, and if they don't, their opinions are subject to criticism,” Roberts said while responding to a question about handling criticism during an event at Rice University's Baker Institute for Public Policy. “But personally...",2026-03-17T18:40:47Z
lifesitenews,calvin freiburger,Maryland Democrats’ bill would make infanticide ‘nearly impossible’ to investigate,"HB 1131, or the so-called ‘Pregnancy Outcome Protection Act,’ would shield abortionists and women who kill newborn babies or leave them to die after failed abortions, in Democrats’ latest radical attack on life.",2026-03-17T18:40:47Z
wvva,charlie  boothe,United Way to host special program on social media dangers for youth,The growing dangers of sexual exploitation and sextortion affecting minors is the subject of a presentation Thursday in Beckley at the Historic Black Knight Country Club.,2026-03-17T18:40:46Z
themirror,averee nelson,Popular discount retailer opens 17 new stores across the US with major expansion plans ahead,"As Americans search for more value when shopping, the popular discount retailer Ross Stores aims to deliver consumers with just that, as it has opened 17 stores so far in 2026",2026-03-17T18:40:45Z
thecsrjournal,the csr journal,Iraq National Football Team to Depart for World Cup Playoff,"The Iraq national football team is preparing to embark on a journey to Mexico for a playoff match related to the 2026 FIFA World Cup. The match is scheduled for March 31. This decision comes despite widespread calls for postponement due to the current conflict in the Middle East. In a statement, the Iraq Football [...] The post Iraq National Football Team to Depart for World Cup Playoff appeared first on The CSR Journal .",2026-03-17T18:40:43Z
gizmochina,soumyakanti,Oura Ring 4 launched in India with advanced sleep and wellness features,"Oura has officially introduced the Oura Ring 4 in India. First launched globally in October 2024, the smart ring is now available at over 100 Croma stores and on Amazon.in. The Silver and Black variants are priced at ₹28,900, while the premium Stealth, Brushed Silver, Gold, and Rose Gold finishes come with a price tag [...] The post Oura Ring 4 launched in India with advanced sleep and wellness features appeared first on Gizmochina .",2026-03-17T18:40:41Z
rblandmark,riverside-brookfield landmark,"Kent Borkovec, 90","Kent F. Borkovec, M.D., 90, of Oak Brook, formerly of Westchester and Riverside, died on March 6, 2026. Born on Aug. 11, 1935, he was a proud graduate of Notre Dame, Class of 1957 and a voracious fan of the Irish. A 29-year resident of Riverside, he was a physician for 35 years at LaGrange [...] The post Kent Borkovec, 90 appeared first on Riverside-Brookfield Landmark .",2026-03-17T18:40:40Z
itemonline,business wire,"Generational Capital Markets Advises Brycon Corporation in its Sale to HITT Contracting, Inc.","DALLAS--(BUSINESS WIRE)--Mar 17, 2026--",2026-03-17T18:40:39Z
andhrabhoomi,sanjay samuel paul,Delhi Metro to Submit Report on Hyderabad Metro Operations Today,Hyderabad Metro Rail received the Innovation in Metro Rail and Multimodal Integration Award at the summit for its contribution to integrated urban mobility and metro infrastructure development in the city.,2026-03-17T18:40:38Z
miragenews,mirage news,"Serious Crash: Mayoral Drive, Central Auckland","Police are in attendance at a serious crash in central Auckland this morning.At 7am, a crash involving a vehicle and scooter has occurred at the",2026-03-17T18:40:37Z
yardbarker,robert lamar,Alex Pereira Eyes Heavyweight Legacy And a Future Clash With Jon Jones,"Alex Pereira isn’t just chasing another belt he’s chasing history. The former two-division UFC champion has officially moved up to heavyweight for good, vacating his light heavyweight title in pursuit of a rare third championship.",2026-03-17T18:40:35Z
easternherald,,Tel Aviv Pushes Regime Change Despite US Warning Uprising Could End in “Slaughter”,"Israel’s widening military campaign against Iran has entered a volatile new phase, as evidence mounts that the strategic objective extends beyond battlefield gains to something far more ambitious: the destabilization of Iran’s political system itself. Yet even as Israeli officials signal support for internal unrest, newly revealed assessments suggest that any mass uprising could come at a devastating human cost. According to US diplomatic reporting cited by major outlets, Israeli officials have conveyed a stark internal view to Washington — that while a popular revolt inside Iran is desirable, it would likely be met with overwhelming force. One such assessment",2026-03-17T18:40:35Z
newsweek,dan gooding,DOJ Says Pam Bondi's House Subpoena Over Epstein Files 'Unnecessary',Justice Department pushes back on House Oversight subpoena of Bondi over Epstein files.,2026-03-17T18:40:33Z
ijr,sandra rhodes,Cousin Marriage Ban Bill Fails to Pass in Florida,“I think we need to do the right thing for Floridians here.”,2026-03-17T18:40:33Z
nbcsports,mike florio,Justin Fields will get an opportunity to prove Woody Johnson wrong,"No one does ""do as we say not as we do"" better than NFL owners.",2026-03-17T18:40:32Z
washingtontimes,brad matthews,U.S vinyl sales rose to nearly 47 million records in 2025,"There were nearly 47 million vinyl records sold in the U.S. in 2025 for a total of more than $1 billion, an increase of about 8% from the previous year, according to the Recording Industry Association of America.",2026-03-17T18:40:26Z
news_uwm,uwm news,Applications due March 29 for NMDSI Student Scholars program,Applications are due in late March for NMDSI's Center of Excellence Summer 2026 Student Scholars Program. The post Applications due March 29 for NMDSI Student Scholars program appeared first on UWM REPORT .,2026-03-17T18:40:26Z
coinpedia,sahana vibhute,"Bitcoin Hitting $76,000—Is This a ‘Dead-Cat-Bounce’ Setup to Drag the BTC Price to $50K?","The post Bitcoin Hitting $76,000—Is This a ‘Dead-Cat-Bounce’ Setup to Drag the BTC Price to $50K? appeared first on Coinpedia Fintech News Bitcoin price has rallied for eight consecutive days for the first time in over two years, typically a signal of strengthening momentum. The price touched an intraday high near $76,000, supported by a sharp rise in volume from $22 billion to over $56 billion. While this move hints at a potential trend shift, confirmation remains ...",2026-03-17T18:40:25Z
africa_newsroom,africa newsroom,"Sudan: Over 80,000 children to benefit as Save the Children delivers lifesaving medicines to Tawila after three-week journey","Families and children in Tawila in North Darfur, one of the hardest to reach areas of Sudan, have received a life-saving boost after Save the Children delivered 30 metric tons of medicine and nutrition supplies following a challenging three-week road trip, Save the Children said. The shipment, transported from Port Sudan, is expected to support over 80,000 children and 57,000 adults in Tawila and is enough to keep 20 health facilities and mobile clinics serving displaced communities running for six months. Tawila is home to more than 650,000 internally displaced people , most of whom fled violent attacks in North Darfur’s Zamzam and Abu Shouk camps last year. Displaced families are largely dependent on humanitarian agencies for health and nutrition services. Part of a larger drug consignment that arrived in Port Sudan from Nairobi, the shipment took three weeks to reach Tawila, crossing extreme desert terrain, perilous routes, and a volatile security environment. This is Save the Children’s fourth consignment to Tawila since February 2025 and the first since a massive influx of displaced people in October 2025. The delivery that arrived on Wednesday last week includes essential drugs such as antibiotics to treat respiratory infections, fluids, multivitamins, topical medications, ear and eye drops, and treatment for malnutrition. It also includes antibiotics to treat gastrointestinal, respiratory, and urinary tract infections, as well as medication for cholera. Save the Children said this delivery was crucial because health facilities in Tawila were dangerously low on medicines just as thousands of displaced families arrived. Urgent restocking was essential to prevent the collapse of maternal and child health services and to address the escalating malnutrition, famine risk, and disease outbreaks in overcrowded displacement sites. Dr. Bashir Kamal Eldin, Health&Nutrition Director of Save the Children in Sudan, said: “This delivery comes at a critical moment as humanitarian needs continue to escalate across Darfur, where large-scale displacement and limited access to healthcare are placing children at extreme risk. “With this shipment now in Tawila, Save the Children will refill essential medical stocks and support health facilities serving displaced populations. The delivery also strengthens preparedness for future humanitarian access to other areas of North Darfur, including El Fasher, once conditions allow for safe humanitarian movement. “We know that timely access to these supplies can mean the difference between life and death for thousands of displaced families.” After nearly three years of conflict, Sudan is facing the world’s largest displacement crisis, with more than 12 million people – one fifth of the population - forced from their homes. About 5 million children are displaced. Save the Children remains committed to delivering life-saving health and nutrition services across Sudan, including mobile clinics, maternal healthcare, and treatment for malnourished children. However, humanitarian organizations cannot meet these growing needs alone. Sustained support from donors and partners is critical to ensure uninterrupted supply chains and enable humanitarian actors to reach communities in the hardest-to-access areas. Save the Children has worked in Sudan since 1983 and provides programming for children and families affected by conflict, displacement, extreme poverty and hunger. Distributed by APO Group on behalf of Save the Children.",2026-03-17T18:40:25Z
fijitimes,anish chand,Fiji Gas assures stable LPG supply amid fuel concerns,"Fiji Gas has reassured customers that there are no disruptions to the supply of liquefied petroleum gas (LPG) in the country, despite growing concerns over fuel availability. In a public announcement issued today, the company said LPG supply remains secure even as global energy markets face uncertainty linked to geopolitical tensions in the Middle East. [...] The post Fiji Gas assures stable LPG supply amid fuel concerns appeared first on The Fiji Times .",2026-03-17T18:40:25Z
laweekly,will jones,Adele Leurini: The Extraordinary Woman Behind ‘Ordinary Man’,"For decades, fictional literature has held a distinguished place among readers, largely because of the boundless inventiveness behind its creation. Such works serve as portals into the intricate architecture of an author’s imagination. But when it comes to authors like Adele Leurini, the fictional books she pens extend beyond conventional imaginative construction. Her narratives are [...] The post Adele Leurini: The Extraordinary Woman Behind ‘Ordinary Man’ appeared first on LA Weekly .",2026-03-17T18:40:25Z
mylynnwoodnews,build,South SnoCo Playtime: Your Family Fun Guide for March 16-22 and beyond,Budding Signs of Spring I’ve been surprised to see a few blossoms on my climbing clematis and early buds forming on my dogwood tree this week. Across much of the [...],2026-03-17T18:40:21Z
kansas,kellis robinett,K-State asked this former basketball player to help with its coaching search,"Jordan Henriquez #21 of the Kansas State Wildcats looks to pass against Jerrell Wright #25 of the La Salle Explorers in the first half during the second round of the 2013 NCAA Men's Basketball Tournament at the Sprint Center on March 22, 2013 in Kansas City, Missouri.",2026-03-17T18:40:21Z
eastcountymagazine_org,,Santee’s Bunny Trail March 28 includes dragon dancers and egg-citing activities,"Easter Santee bunny trail Santee Town Center Community Park Events Festivals of the Month Communities Santee/Lakeside By Miriam Raftery March 17, 2026 (Santee) -- Get ready for fire-breathing fun at Santee's Bunny Trail, including dragon dancers performing from White Dragon Martial Arts School . This year, the event takes place from 10 a.m. until 1 p.m., at Town Center Community Park East, 550 Park Center Drive in Santee. This year’s event features a bunny trail experience instead of a traditional egg hunt. Families stroll booth-to-booth collecting eggs at their own pace, then exchange collected eggs for a festive goodie bag. Visit booths in any order and stop by as many as you’d like. Be sure to bring baskets!",2026-03-17T18:40:19Z
usatoday,trevor hughes,"New DHS nominee, same Trump agenda? What to expect from Markwayne Mullin","Sen. Markwayne Mullin faces a confirmation hearing for DHS secretary amid controversies over immigration, a partial shutdown, and disaster relief.",2026-03-17T18:40:18Z
pcmag,neil j rubenking,Stop! These 5 Antivirus Misconceptions Could Leave You Unprotected,"Think your antivirus has you covered? From expired subscriptions to ignored alerts, these common misunderstandings could leave your PC—and your data—wide open to malware.",2026-03-17T18:40:17Z
journal_news,,PHOTOS: St. Patrick's Day celebration in Hamilton,PHOTOS: St. Patrick's Day celebration in Hamilton,2026-03-17T18:40:15Z
syracuse,,40-vehicle crash in whiteout conditions closes I-81; second big pileup in hours on highway,The highway southbound at Pulaski is closed so emergency vehicles can respond to the scene.,2026-03-17T18:40:14Z
bitcoinworld,jayshree,Mexican Peso Set to Dominate Brazilian Real in 2025’s Crucial Latin American Currency Battle,"BitcoinWorld Mexican Peso Set to Dominate Brazilian Real in 2025’s Crucial Latin American Currency Battle FRANKFURT, GERMANY – March 2025. A pivotal currency divergence is unfolding in Latin America, according to a recent analysis from Commerzbank. The financial institution projects the Mexican peso will significantly outperform the Brazilian real throughout the coming year. This forecast hinges on a complex interplay of monetary policy, economic resilience, and external trade dynamics currently [...] This post Mexican Peso Set to Dominate Brazilian Real in 2025’s Crucial Latin American Currency Battle first appeared on BitcoinWorld .",2026-03-17T18:40:13Z
business-standard,ani press release,"Hikal Observes National Safety Week 2026, Reinforcing Commitment to a Culture of Safety","Mumbai (Maharashtra) [India], March 17: Hikal Ltd. observed Corporate Safety Week 2026 across all its locations from March 4 to March 11, 2026, reinforcing its commitment to workplace safety and operational excellence. The campaign, themed 'From Responsibility to Ownership - Engage, Educate, Empower People to Enhance Safety,' featured a series of structured initiatives designed to deepen employee engagement, strengthen digital safety systems, and embed a culture of ownership across the organisation.",2026-03-17T18:40:11Z
gizmodotech,matt novak,Trump Advisor Says Pain for U.S. Consumers ‘Last of Our Concerns’ as Other Countries Start Gas Rationing,Kevin Hassett claims the war will last 4-6 weeks.,2026-03-17T18:40:09Z
goodreturns,harshika yadav,"Stock Market Outlook Today: Sensex, Nifty Likely to Stay Range-Bound with Positive Bias; FOMC Meeting in Focus","The Federal Open Market Committee (FOMC) decision due later today remains a key trigger. Investors are awaiting signals on interest rates and inflation outlook, which could influence global liquidity flows and emerging market sentiment, including India.",2026-03-17T18:40:07Z
google,,'Junk DNA' may help defend against colorectal cancer - Medical Xpress,'Junk DNA' may help defend against colorectal cancer Medical Xpress,2026-03-17T18:40:07Z
cornellsun,savannah sandhaus,Cornell's St. Patrick's Day Darties: A First-Time Experience,"Waking up at 8 a.m. on a Saturday to head to Collegetown in seven-degree weather is not something I ever expected to do willingly. But St. Patrick's Day at Cornell operates on a very different schedule. By the time my fellow sorority sisters and I made it to Catherine Street on March 14, fraternity annexes were already overflowing with crowds decked out in green. For my first St. Patrick's Day darties, it quickly became clear that the celebration kicked off long before most students would typically consider leaving their beds on a weekend. I'm not exactly a morning person, especially when Ithaca's weather has snapped back to its usual drab gray and bitter cold - particularly after teasing spring just a few days earlier. But skipping any of the festivities felt it would be a disservice to both my sorority and my Irish heritage - despite how minimal the latter may be. So, bright and early, I pulled on my St. Patrick's Day merchandise, twinned with my sisters and braced the cold as we headed towards the crowds gathering rapidly in Collegetown. By 11:30 a.m., several fraternity annex backyards were already filled to the brim. Sorority sisters congregated together, deciding which darty they felt compelled to enter first. Despite temperatures that felt closer to zero degrees than spring, the crowds rallied anyway. Within 15 minutes, my fingers were completely numb, but luckily the packed annexes offered some relief in the form of body heat. Compared to the darties of Homecoming weekend, the weather was exponentially worse. But being in a sorority does come with one practical advantage on days like this: access. One of the nicer parts of the day was not having to try and name-drop random brothers at the door to get inside. Instead, we could walk into houses where we actually recognized the brothers hosting. One fraternity even had a grill going outside, handing out breakfast sandwiches with bacon and eggs to steady the stream of stumbling visitors. Meanwhile, other backyards were packed fence-to-fence by noon. Looking around, it was always easy to spot familiar faces. One of my most memorable moments came while dancing with my big who showed up with a full box of Lucky Charms cereal and began pouring handfuls into the mouths of fellow sisters. The real entertainment, though, was the creativity of the labels decorating the ""BORGs,"" or Blackout Rage Gallons, people carried. Everywhere you looked, there were puns and pop culture references: ""Call Your U-Borg,"" ""No Broke Borgs"" - a clever twist on the Tinashe song frequently played from the fraternity DJs' playlist - and the classic play on our city's motto, ""Ithaca is Borges."" Some gallons were neon green, others bright shades of red, and a few turned questionable shades of brown after a few hours of mixing. Although I'm still learning the names of the more than 50 sisters in my new member class, days like this make the chapter feel smaller and closer. No matter how well I knew a sister, everyone felt comfortable running up to one another without hesitation. By mid-afternoon, the celebration had expanded across multiple Collegetown streets. Around 2 p.m., another St. Patrick's Day spectacle took place on Linden Avenue: the Ginger Run. More than 200 redheads - from bright copper to strawberry blonde - gathered at the top of the steep road before tumbling downhill together in a chaotic but beautiful display of Cornell unity. Eventually, the crowds began thinning, and after a long morning in the cold, I made the tiring trek back to North Campus for a much-needed afternoon nap. What surprised me most about the day was not just the scale of celebration despite the frigid wind, but the sense of community within it. Whether it was dancing with sisters, laughing at ridiculous jug names or watching hundreds of gingers sprint down a hill together, St. Patrick's Day darties turned out to be one of Cornell's uniquely chaotic, freezing and extremely memorable traditions. For a first experience, I'd say Cornell's St. Paddy's Day reputation definitely lived up to its name. Savannah Sandhaus is a first-year in the College of Arts and Sciences. She can be reached at sjs482@cornell.edu.",2026-03-17T18:40:07Z
business-standard,ani press release,State of Working India 2026: India's Young Workforce is Growing and Getting More Educated,"New Delhi [India], March 17: India has made substantial progress in expanding access to higher education for its young (15- to 29-year-olds) population, ensuring a movement out of agriculture into industry and services, and reduced gender and caste-based disparities, according to the 'State of Working India 2026' report. However, challenges remain and the extent to which the large, increasingly educated, and aspirational cohort is absorbed into the labour market will determine whether India's demographic dividend translates into an economic dividend.",2026-03-17T18:40:06Z
cp24,phil tsekouras,Ontario police clear 3 cops accused of lying at trial that followed officer’s death,Three Toronto police officers accused of colluding to lie during the first-degree murder trial of a man charged with killing their colleague have been cleared of misconduct following a probe by the Ontario Provincial Police.,2026-03-17T18:40:06Z
sportingnews,mike moraitis,"Broncos trade rumor could result in deal with Giants, Steelers or Raiders","The Denver Broncos could turn around and trade one of their young wideouts after trading for Jaylen Waddle on Tuesday and three teams that could have interest if that's the case are the Pittsburgh Steelers, New York Giants and Las Vegas Raiders.",2026-03-17T18:40:06Z
dailymailuk,,What Alabama basketball star told police after they found over 2lbs of marijuana in his Tuscaloosa apartment,"Holloway, a star guard for the Alabama Crimson Tide, was 'removed from campus' after he was arrested on Monday morning, the university announced.",2026-03-17T18:40:05Z
indianexpress,express news service,Global tourist hub set to be developed in Delhi at cost of Rs 500 crore in three years,"The Delhi Tourism and Transport Development Corporation (DTTDC) intends to obtain financial assistance from the Centre for the project, for which the consultant would be responsible for preparing a conceptual plan.",2026-03-17T18:40:05Z
maidenheadadvertiser_uk,,HENLEY 260334 1,,2026-03-17T18:40:04Z
maidenheadadvertiser_uk,,HENLEY 260334 2,,2026-03-17T18:40:04Z
phys,,Mathematical foundations for noise-tolerant quantum catalysts in real-world environments,"Quantum catalysts are specialized resources that enable quantum state transformations previously thought impossible, holding promise for advancements in quantum computing and thermodynamics. A recent international study has identified the conditions under which these catalysts can operate reliably even amid environmental noise, marking a significant step toward practical quantum technologies.",2026-03-17T18:40:03Z
reuters_com,,Senator wants White House to answer if TikTok investors will pay $10 billion to US Treasury,,2026-03-17T18:40:03Z
livemint,livemint,"Dune: Part Three trailer drops - Timothée Chalamet, Zendaya return for epic finale as Paul Atreides faces destiny","Directed by Denis Villeneuve, the third instalment draws from Dune Messiah and is set nearly 17 years after the events of ‘Dune: Part Two'",2026-03-17T18:40:03Z
business-standard,ani press release,"OPPO Launches K14 5G in India, The Endurance Powerhouse Redefining Battery Life and Smoothness Starting INR 17,999","New Delhi [India], March 17: Building on the strong legacy of its K Series in India, OPPO India today announced the launch of the OPPO K14 5G - the Endurance Powerhouse, further strengthening its K Series lineup in India. Designed around the everyday needs of users, the OPPO K14 5G focuses on delivering three essentials that matter most in daily smartphone usage - reliable performance, long-lasting battery life, and consistent smoothness to ensure a worry-free, all-day experience.",2026-03-17T18:40:02Z
panow,the canadian press,Rookie centre Collin Murray-Boyles could return on Raptors road trip,"TORONTO - A day later, and Collin Murray-Boyles was still salty that the veteran players on the Toronto Raptors had filled his car with popcorn. And y...",2026-03-17T18:40:01Z
airdriecityview,"the canadian press, john chidley-hill",Rookie centre Collin Murray-Boyles could return on Raptors road trip,"TORONTO — A day later, and Collin Murray-Boyles was still salty that the veteran players on the Toronto Raptors had filled his car with popcorn. And yes, it was buttered.",2026-03-17T18:40:01Z
rmoutlook,"the canadian press, john chidley-hill",Rookie centre Collin Murray-Boyles could return on Raptors road trip,"TORONTO — A day later, and Collin Murray-Boyles was still salty that the veteran players on the Toronto Raptors had filled his car with popcorn. And yes, it was buttered.",2026-03-17T18:40:01Z
lethbridgeherald,canadian press,Rookie centre Collin Murray-Boyles could return on Raptors road trip,"TORONTO — A day later, and Collin Murray-Boyles was still salty that the veteran players on the Toronto Raptors had filled his car with popcorn. And yes, it was buttered. The rookie centre had his first full practice in three weeks on Tuesday, upgrading his status on the Raptors’ personnel report to day to day The post Rookie centre Collin Murray-Boyles could return on Raptors road trip appeared first on The Lethbridge Herald - News and Sports from around Lethbridge .",2026-03-17T18:40:01Z
princegeorgecitizen,"the canadian press, john chidley-hill",Rookie centre Collin Murray-Boyles could return on Raptors road trip,"TORONTO — A day later, and Collin Murray-Boyles was still salty that the veteran players on the Toronto Raptors had filled his car with popcorn. And yes, it was buttered.",2026-03-17T18:40:01Z
therecord,,Rookie centre Collin Murray-Boyles could return on Raptors road trip,"TORONTO - A day later, and Collin Murray-Boyles was still salty that the veteran players on the Toronto Raptors had filled his car with popcorn.",2026-03-17T18:40:01Z
lethbridgenewsnow,the canadian press,Rookie centre Collin Murray-Boyles could return on Raptors road trip,"TORONTO - A day later, and Collin Murray-Boyles was still salty that the veteran players on the Toronto Raptors had filled his car with popcorn. And y...",2026-03-17T18:40:01Z
westernwheel,"the canadian press, john chidley-hill",Rookie centre Collin Murray-Boyles could return on Raptors road trip,"TORONTO — A day later, and Collin Murray-Boyles was still salty that the veteran players on the Toronto Raptors had filled his car with popcorn. And yes, it was buttered.",2026-03-17T18:40:01Z
brandonsun,"the canadian press, john chidley-hill",Rookie centre Collin Murray-Boyles could return on Raptors road trip,"TORONTO – A day later, and Collin Murray-Boyles was still salty that the veteran players on the Toronto Raptors had filled his car with popcorn. And yes, it was buttered. The rookie centre had h...",2026-03-17T18:40:01Z
stalbertgazette,,Rookie centre Collin Murray-Boyles could return on Raptors road trip,"TORONTO — A day later, and Collin Murray-Boyles was still salty that the veteran players on the Toronto Raptors had filled his car with popcorn. And yes, it was buttered.",2026-03-17T18:40:01Z
stcatharinesstandard,john chidley-hill the canadian press,Rookie centre Collin Murray-Boyles could return on Raptors road trip,"TORONTO - A day later, and Collin Murray-Boyles was still salty that the veteran players on the Toronto Raptors had filled his car with popcorn.",2026-03-17T18:40:01Z
medicinehatnews,canadian press,Rookie centre Collin Murray-Boyles could return on Raptors road trip,"TORONTO — A day later, and Collin Murray-Boyles was still salty that the veteran players on the Toronto Raptors had filled his car with popcorn. And yes, it was buttered. The rookie centre had his first full practice in three weeks on Tuesday, upgrading his status on the Raptors’ personnel report to day to day The post Rookie centre Collin Murray-Boyles could return on Raptors road trip appeared first on Medicine Hat News .",2026-03-17T18:40:01Z
timescolonist,"the canadian press, john chidley-hill",Rookie centre Collin Murray-Boyles could return on Raptors road trip,"TORONTO — A day later, and Collin Murray-Boyles was still salty that the veteran players on the Toronto Raptors had filled his car with popcorn. And yes, it was buttered.",2026-03-17T18:40:01Z
thestar,,Rookie centre Collin Murray-Boyles could return on Raptors road trip,"TORONTO - A day later, and Collin Murray-Boyles was still salty that the veteran players on the Toronto Raptors had filled his car with popcorn.",2026-03-17T18:40:01Z
townandcountrytoday,"the canadian press, john chidley-hill",Rookie centre Collin Murray-Boyles could return on Raptors road trip,"TORONTO — A day later, and Collin Murray-Boyles was still salty that the veteran players on the Toronto Raptors had filled his car with popcorn. And yes, it was buttered.",2026-03-17T18:40:01Z
chroniclejournal,john chidley-hill the canadian press,Rookie centre Collin Murray-Boyles could return on Raptors road trip,"TORONTO - A day later, and Collin Murray-Boyles was still salty that the veteran players on the Toronto Raptors had filled his car with popcorn.",2026-03-17T18:40:01Z
coastreporter,"the canadian press, john chidley-hill",Rookie centre Collin Murray-Boyles could return on Raptors road trip,"TORONTO — A day later, and Collin Murray-Boyles was still salty that the veteran players on the Toronto Raptors had filled his car with popcorn. And yes, it was buttered.",2026-03-17T18:40:01Z
lakelandtoday_ca,"the canadian press, john chidley-hill",Rookie centre Collin Murray-Boyles could return on Raptors road trip,"TORONTO — A day later, and Collin Murray-Boyles was still salty that the veteran players on the Toronto Raptors had filled his car with popcorn. And yes, it was buttered.",2026-03-17T18:40:01Z
medicalxpress,,'Junk DNA' may help defend against colorectal cancer,"For decades, large portions of the human genome were labeled ""junk DNA."" New research from Western University and London Health Sciences Centre Research Institute (LHSCRI) suggests these overlooked sequences may help protect the body from cancer. The findings, published in Nature Communications, emerged from a closer look at inflammatory bowel disease (IBD), including ulcerative colitis and Crohn's disease.",2026-03-17T18:40:01Z
winnipegfreepress,"the canadian press, john chidley-hill",Rookie centre Collin Murray-Boyles could return on Raptors road trip,"TORONTO – A day later, and Collin Murray-Boyles was still salty that the veteran players on the Toronto Raptors had filled his car with popcorn. And yes, it was buttered. The rookie centre had h...",2026-03-17T18:40:01Z
thespec,john chidley-hill the canadian press,Rookie centre Collin Murray-Boyles could return on Raptors road trip,"TORONTO - A day later, and Collin Murray-Boyles was still salty that the veteran players on the Toronto Raptors had filled his car with popcorn.",2026-03-17T18:40:01Z
nsnews,"the canadian press, john chidley-hill",Rookie centre Collin Murray-Boyles could return on Raptors road trip,"TORONTO — A day later, and Collin Murray-Boyles was still salty that the veteran players on the Toronto Raptors had filled his car with popcorn. And yes, it was buttered.",2026-03-17T18:40:01Z
richmond-news,"the canadian press, john chidley-hill",Rookie centre Collin Murray-Boyles could return on Raptors road trip,"TORONTO — A day later, and Collin Murray-Boyles was still salty that the veteran players on the Toronto Raptors had filled his car with popcorn. And yes, it was buttered.",2026-03-17T18:40:01Z
squamishchief,"the canadian press, john chidley-hill",Rookie centre Collin Murray-Boyles could return on Raptors road trip,"TORONTO — A day later, and Collin Murray-Boyles was still salty that the veteran players on the Toronto Raptors had filled his car with popcorn. And yes, it was buttered.",2026-03-17T18:40:01Z
thebrunswicknews,sarah moreno; miami herald,Exiles plan protest to demand that Cubans abroad be allowed to return to the island,MIAMI — Several exile organizations announced Monday there will be a gathering in Miami on Saturday to demand the right of Cubans abroad to return to Cuba and for the U.S. government to allow them to take a boat from...,2026-03-17T18:40:00Z
wcvb,david bienick,Bulger's handwritten manuscript prompts challenge to ex-FBI agent's conviction,Newly found Whitey Bulger writings and FBI reports are cited in a motion seeking to overturn former FBI agent John Connolly's conviction.,2026-03-17T18:40:00Z
nltimes,nl times,Municipalities face additional 16 billion euros in costs to replace aging quay walls,"Municipalities across the Netherlands face billions of euros in possible unexpected expenses to repair and replace deteriorating quay walls, according to new research obtained by EenVandaag.",2026-03-17T18:40:00Z
toi,,Make-A-Wish brings cheer to young cancer patients,,2026-03-17T18:40:00Z
buffalonews,,College notebook: Michigan expects more fans in Buffalo during Thursday's NCAA first-round game,"Top-seeded Michigan, featuring Niagara Falls' Roddy Gayle Jr., is gearing up for its NCAA trip to Buffalo on Thursday.",2026-03-17T18:40:00Z
thetakeout,melanie andrade,12 Best Fillings For A Burrito Upgrade,"Some of the best Mexican food is simple, yet authentic. We leaned on some experts in Mexican cooking to find out their hacks for making the ultimate burrito.",2026-03-17T18:40:00Z
goodisonnews,aheed abrar,View: Everton star's testimonial of Moyes can surely be used to convince new signings,Everton midfielder Kiernan Dewsbury-Hall has heaped praise on David Moyes. The former Chelsea ace has credited the Scottish manager for his improved fortunes in the ... The post View: Everton star's testimonial of Moyes can surely be used to convince new signings appeared first on Goodison News .,2026-03-17T18:40:00Z
southernminn,,"Schmidtke, Fredick H.",Fredrick H. Schmidtke,2026-03-17T18:40:00Z
blockclubchicago,jim lynch,"Melanie Stathis, Beverly Arts Center Board Member, To Challenge Ald. Matt O’Shea In 19th Ward","Stathis, a Morgan Park nonprofit executive, is joining the race against Ald. Matt O'Shea because she believes ""people [are] not necessarily feeling they were being heard or being part of the decision-making locally.""",2026-03-17T18:40:00Z
chippewa,usa today network; usa today network,Will northern lights be visible from Wisconsin this week? Here's the forecast,"On the heels of a record-breaking March blizzard, Wisconsin residents may be treated to another ⁠kind of storm: The Space Weather Prediction Center has issued a geomagnetic storm watch for later this week, meaning most of the state could have...",2026-03-17T18:40:00Z
thestar_my,sanaa kamal,"Feature: Date cakes, salted fish offer small joys in Eid preparations across war-weary Gaza","GAZA, March 17 (Xinhua) -- In one of Gaza City's crowded markets, Kamal Dughmush stands behind a small wooden table stacked with trays of date-filled Eid cakes. A few customers gather, buying modest quantities of the sweet pastries, a sight largely absent in Gaza for more than two years amid war and a severe humanitarian crisis. Read full story",2026-03-17T18:40:00Z
similkameenspotlight,john arendt,Comeback complete: Princeton Posse defeat Kelowna Chiefs in Game 7,Final game was decided in Princeton on March 16,2026-03-17T18:40:00Z
hanfordsentinel,sarah moreno; miami herald,Exiles plan protest to demand that Cubans abroad be allowed to return to the island,MIAMI — Several exile organizations announced Monday there will be a gathering in Miami on Saturday to demand the right of Cubans abroad to return to Cuba and for the U.S. government to allow them to take a boat from...,2026-03-17T18:40:00Z
montanarightnow,,Justice Department suspends experience requirement for federal prosecutors,The Justice Department has temporarily waived the policy requiring newly hired federal prosecutors to have at least one year of experience practicing law. This decision comes as U.S. Attorneys' Offices face challenges in finding qualified replacements due to significant departures.,2026-03-17T18:40:00Z
ft_lk,,Australia knocks out defending champs China to reach Women’s Asian Cup final,"Australia captain Sam Kerr ⁠sealed ⁠a 2-1 win over China with a stunning second-half goal ⁠to put the hosts into their ⁠fourth Women’s Asian Cup final. The Matildas will hunt a second trophy in the continental tournament and ‌a first since 2010 against Japan or South Korea, who play in the second semifinal in Sydney on Wednesday. Scoring in front of home-town fans ⁠for the third ⁠time in the event, Kerr struck the winner on 58 minutes, threadin",2026-03-17T18:40:00Z
lacrossetribune,usa today network; usa today network,Will northern lights be visible from Wisconsin this week? Here's the forecast,"On the heels of a record-breaking March blizzard, Wisconsin residents may be treated to another ⁠kind of storm: The Space Weather Prediction Center has issued a geomagnetic storm watch for later this week, meaning most of the state could have...",2026-03-17T18:40:00Z
nbcbayarea,lindsey bahr | the associated press,Oscar ratings fall 9% in Conan O'Brien's second year hosting,"Host Conan O’Brien speaks onstage during the 98th Oscars at Dolby Theatre on March 15, 2026 in Hollywood, Calif.",2026-03-17T18:39:59Z
nbcsandiego,lindsey bahr | the associated press,Oscar ratings fall 9% in Conan O'Brien's second year hosting,"Host Conan O’Brien speaks onstage during the 98th Oscars at Dolby Theatre on March 15, 2026 in Hollywood, Calif.",2026-03-17T18:39:59Z
yahoo,mohamed saeed,Arne Slot gives hopeful Alexander Isak fitness update but stresses striker still not ready for Liverpool return,"Arne Slot has provided a positive update on Alexander Isak's recovery following a long-term injury layoff, though the Liverpool boss warned that fans will have to wait a little longer to see the striker back in action. The Swedish international has been sidelined since December after undergoing surgery on a fractured fibula.",2026-03-17T18:39:58Z
variety,,‘Stranger Things’ Returns to Theaters With ‘Tales From ’85’ First Two Episodes,"“Stranger Things” fans behold: Audiences will be able to watch the first two episodes of “Stranger Things: Tales From ‘85” in select theaters on April 18. Tickets will go on sale Wednesday at 8 a.m. PT. The screenings, in partnership with AMC Theatres, will take place in 34 theaters across the U.S. at 12 p.m. [...]",2026-03-17T18:39:57Z
abc_net,michael janda,RBA governor warns of the recession we might have to have,"Is the RBA fighting last year's inflation war with its latest interest rate hike? Whatever the case may be, Australians are bracing for even more economic pain.",2026-03-17T18:39:56Z
cordeledispatch,staff reports,Offical sample ballot for Crisp County May 19 2026 primary election,THIS IS A COUNTYWIDE SAMPLE BALLOT. NOT ALL RACES WILL APPEAR ON YOUR PRECINCT SPECIFIC BALLOT. FOR PRECINCT INFORMATION CONSULT YOUR PRECI UNITED STATES SENATE Candidate Party Affiliation Earl L. [...],2026-03-17T18:39:53Z
tiftongazette,staff reports,Dr. Dontre’ Douse earns certification in advanced cochlear implant surgery,"Dontre' Douse, MD, recently completed an advanced course in subspecialty cochlear implantation.",2026-03-17T18:39:53Z
obrag_org,source,Woman Who Stabbed 2 Men Behind Hodads in Ocean Beach Sentenced to 4 Years in Prison,"NBC7 / March 16, 2026 A woman who wounded two men by stabbing them behind an Ocean Beach restaurant was sentenced Monday to four years in state prison. Jana Halaska, 30, pleaded guilty to charges of assault with a deadly weapon for the April 13, 2025, stabbings, which occurred around 1 a.m. behind Hodad's on Newport Avenue. The two victims, both of whom suffered punctured lungs in the attack, were strangers to Halaska. Halaska initially faced an attempted murder charge in the case. Prosecution sentencing papers state that just before the stabbings, one of the victims got into a physical altercation with a different woman, which culminated in that victim kicking the woman. The victim then walked away, but witnesses heard Halaska say, That's not how you treat a lady, prosecutors allege.",2026-03-17T18:39:53Z
theguardian,,"Arsenal v Bayer Leverkusen, Chelsea v PSG, Sporting v Bodø Glimt: Champions League – live","Updates on the second legs of the last-16 ties Get in touch! Share your thoughts with Scott This edition of Clocko begins as the first half in Lisbon finishes ... and the comeback is on! Sporting Clube de Portugal have made it a third of the way back towards equality, Gonçalo Inácio flashing in a header from a right-wing corner on 34 minutes. The home side should have already been leading, truth be told, but Francisco Trincão had earlier sent a header over the bar from point-blank range and missed a one-on-one with Bodø/Glimt keeper Nikita Haikin. The Norwegians have come close to scoring on two occasions themselves: Patrick Berg dragged wide, a miserable end to a swashbuckling counter attack, then Odin Bjørtuft saw a header ping off the crossbar, up and down and onto the crossbar again, then away. It’s been open and fun, and the second half should see some nerves jangle, one way or another. Sporting: Rui Silva, Fresneda, Quaresma, Inacio, Araujo, Hjulmand, Morita, Catamo, Trincao, Pedro Goncalves, Suarez. Subs: Virginia, Callai, Debast, Nuno Santos, Vagiannidis, Faye, Braganca, Simoes, Couto, Nel, Diomande, Flavio Goncalves. Continue reading...",2026-03-17T18:39:52Z
france24,france 24,France’s ex-president Sarkozy maintains innocence in Libya funding appeal trial,"France’s former president Nicolas Sarkozy on Tuesday maintained his innocence as he returned to court to appeal his conviction for seeking financing from Libya’s late dictator Muammar Gaddafi to fund his 2007 presidential campaign. If Sarkozy loses his appeal, he faces up to 10 years in prison.",2026-03-17T18:39:48Z
theguardian,,Sale warn England ‘superhuman’ Tom Curry needs time off to prolong career,"Sanderson suggests player should miss summer tour Back-rower sustained calf injury during Six Nations Alex Sanderson has warned that Tom Curry’s physical playing style will shorten his career and has suggested England should give him the summer off with the World Cup next year in mind. The back-rower sustained a calf injury in the warmup for England’s Six Nations defeat by Italy in Rome. Sanderson, the Sale director of rugby, said on Tuesday that Curry has a grade-three calf tear and “he’ll be back this season” – but when remains unclear. “With Tom being superhuman the usual layoff times tend to be diminished because of his character and physique,” Sanderson said. Continue reading...",2026-03-17T18:39:46Z
devdiscourse,devdiscourse news desk,Major Traffic Detours Announced for Gurugram due to Drain Construction,"Major Traffic Detours Announced for Gurugram due to Drain Construction Traffic in Gurugram will be severely disrupted for the next 60 days due to ongoing construction work on a deep drain on a vital stretch connecting SPR Road to several sectors and key areas. The Gurugram police, through a recent advisory, has implemented diversions to ensure commuter safety and convenience. Vehicles will be rerouted via SPR Road, National Highway-48, Climber Lift, and Kherki Daula toll plaza. Commuters heading from Vatika Chowk and Dwarka Expressway toward sectors 74 to 80 will have to follow new routes, while those traveling from Pachgaon Chowk in Manesar are recommended to take a U-turn at Kherki Daula toll plaza.",2026-03-17T18:39:44Z
hindustantimes,,Florida man faces execution for the killing of a young mom who called 911 while tied up in his car,Florida man faces execution for the killing of a young mom who called 911 while tied up in his car,2026-03-17T18:39:40Z
tekedia,paul ugbede godwin,"A Married Couple Playing Secret Agent in their Own Living Room over 2,323 BTC","In 2023, businessman Ping Fai Yuen held 2,323 Bitcoin in a Trezor hardware wallet, a “cold wallet” offline for security, protected by a PIN and a 24-word recovery seed phrase. This amount was worth roughly $60 million then; as of March 2026, it’s valued at around $170–180 million depending on exact BTC price fluctuations. Yuen [...] The post A Married Couple Playing Secret Agent in their Own Living Room over 2,323 BTC appeared first on Tekedia .",2026-03-17T18:39:40Z
kilgorenewsherald,from staff reports,Bradshaw CO arrested for smuggling burritos containing tobacco onto facility,A Texas Department of Criminal Justice correctional officer assigned to the Bradshaw Unit in Henderson has been arrested on charges related to bringing contraband into the facility. According to a [...],2026-03-17T18:39:39Z
msnow,steve benen,Jared Kushner’s conflicts of interest become even more controversial,The presidential son-in-law is seeking investments for his business while also representing the White House abroad. That’s tough to defend. The post Jared Kushner’s conflicts of interest become even more controversial appeared first on MS NOW .,2026-03-17T18:39:37Z
jacksoncountytimes_news,mark skinner,County Approves Alcoholic Beverage License for RaceTrac,"By: Shelia Mader County Administrator Jim Dean addressed commissioners during Tuesday’s meeting regarding a request to approve an alcoholic beverage license for the RaceTrac convenience store currently under construction near the Interstate 10 and Highway 71 interchange. The request came forward with a recommendation for approval from the county’s Community Development department. Commissioner Paul Donofro offered a motion to approve the license for the RaceTrac location at the busy interchange. A second was quickly made, and the motion passed unanimously. Following the vote, Donofro commented on the noticeable progress being made at the construction site. “I’ll offer a motion to approve the alcoholic beverage license for the RaceTrack at this interchange,” Donofro said during the vote. Afterward he added, “I noticed, Mr. Dean, that they're moving along on construction pretty rapidly. Do we have an idea when they think they might complete that construction and be open for business?” Dean responded that the county had not been given a timeline for final completion. Donofro noted that from the looks of the site, the project appears to be advancing quickly and may be nearing completion. Construction equipment, materials, and crews have been visible at the location in recent weeks as work continues on the new convenience store and fueling station, which will serve motorists traveling along the heavily used I-10 corridor and the Highway 71 interchange.",2026-03-17T18:39:36Z
lifenews,steven ertelt,Trump Admin Supports Med Students Pressured to Kill Babies in Abortions,"Assistant Secretary of Health Dr. Brian Christine urged medical students to “refuse” to perform procedures that violate their consciences. “If your deeply held religious convictions say that you can’t engage in some activity, for instance, abortion, or a sex-rejecting procedure, stand strong in that,” he told The Daily Signal in an exclusive interview. “Refuse to [...] The post Trump Admin Supports Med Students Pressured to Kill Babies in Abortions appeared first on LifeNews.com .",2026-03-17T18:39:36Z
sportingnews,dharya sharma,"Dolphins trade rumor involving Pro Bowl playmaker could lead to deal with Giants, Seahawks or Steelers","A Miami Dolphins trade rumor involving a Pro Bowl playmaker could lead to a deal with the New York Giants, Seattle Seahawks, or Pittsburgh Steelers.",2026-03-17T18:39:33Z
bizjournals,chandler france,Amegy Bank focuses on growing U.S. Small Business Administration lending program,"Amegy, Houston’s fourth-largest bank based on local deposits, has focused on serving small businesses through U.S. Small Business Administration loans.",2026-03-17T18:39:33Z
bostonherald,associated press,"Lukas prizes honor books on homelessness, the US Census and ancient India",Jeff Hobbs’ “Seeking Shelter” won the Lukas Book Prize.,2026-03-17T18:39:30Z
justjared,david niederhoffer,"Samira Wiley Drops Out of Broadway's 'Proof' for Health Reasons, Tony Winner Kara Young Will Take Over","Samira Wiley has sadly withdrawn from the upcoming Broadway revival of Proof due to health reasons. The former Orange Is the New Black and The Handmaid’s Tale actress was set to play the role of Claire in the acclaimed play, which begins preview performances on March 31. Keep reading to find out more... The producers [...]",2026-03-17T18:39:29Z
betakit,jesse cole,Platform Calgary appoints Jennifer Lussier as CEO,Former COO and VP of growth takes over after serving in interim role since October. The post Platform Calgary appoints Jennifer Lussier as CEO first appeared on BetaKit .,2026-03-17T18:39:27Z
bostonglobe,ken mahan,Frosty temperatures and sunny skies will prevail on quiet Wednesday,We’re going to see cold air from Canada compete with the higher sun angle during mid-March.,2026-03-17T18:39:27Z
news_gcu_edu,,Bright Star Archives - GCU News,,2026-03-17T18:39:23Z
ara,cristina martín valbuena,Trade between the port of Barcelona and the United States and China is declining.,"In an increasingly complex geopolitical context, the Port of Barcelona registered a decline in trade with China and the United States during February. Tariff threats and the conflict in the Red Sea explain this impact in early 2026 on both markets, which, moreover, performed very well last year. All of this is without yet fully accounting for the impact that the blockade of the Strait of Hormuz has been having on international trade since the beginning of this month.",2026-03-17T18:39:22Z
racingpost,liam headd,Gavin Sheehan and JJ Slevin to miss some of Grand National meeting after getting 14-day whip bans for winning Cheltenham rides,"Gavin Sheehan and JJ Slevin, who enjoyed Grade 1 success at last week's Cheltenham Festival, have both been handed 14-day suspensions by the whip... Read More",2026-03-17T18:39:22Z
google,,New Study Finds That Bull Sharks Probably Have ‘Friends’ - The Inertia,"New Study Finds That Bull Sharks Probably Have ‘Friends’ The Inertia The ocean’s most aggressive shark can make friends, researchers find The Washington Post Bull sharks make ‘friends’—and prefer females to males Popular Science",2026-03-17T18:39:21Z
floridatoday,florida today,No one injured on Brevard school bus in train crossing incident,"The incident involving a Brevard school bus and a train crossing gate in Melbourne caused no injuries, officials said.",2026-03-17T18:39:19Z
dailyrecord,emma o'neill,Drug trafficker 'Brutal Whale' jailed after being caught by crisp packet,"James Hitchmough, 35, played a leading role in supplying heroin, cocaine and cannabis across Merseyside and was caught after his fingerprints were matched to a packet of Walkers crisps",2026-03-17T18:39:19Z
thedailybeast,tamilore oshikanlu,Investigators Zero In on New Timeline in Nancy Guthrie Case,"NBC / Nathan Congleton/NBC via Getty I The search for the missing mother of Today show host Savannah Guthrie, 54, is entering a new phase as investigators sharpen their focus on key dates tied to her disappearance. 84-year-old Nancy Guthrie was last seen Jan. 31 at her home in Tucson, Arizona, but authorities are now widening the timeline of interest to dates 20 days prior to her disappearance. According to NewsNation’s Brian Entin, neighbors have been asked to turn over surveillance footage from Jan. 11 and Jan. 24—dates that could offer new clues about activity around her home. The shift comes after the FBI released Ring doorbell footage showing a masked, armed man outside Guthrie’s front door on Feb. 1. Investigators had previously sought video from Jan. 11 between 9 p.m. and midnight, and from the morning of Jan. 31, when Guthrie was last seen. Pima County Sheriff Chris Nanos said on March 3 that investigators are “definitely closer,” adding they have gathered “a lot of intel” and leads, while ruling out Guthrie’s family as suspects. The FBI is offering a $100,000 reward for information, and the Guthrie family has pledged an additional $1 million. The Daily Beast has contacted the Pima County Sheriff’s Office for comment. Read it at People Read more at The Daily Beast.",2026-03-17T18:39:17Z
thepost_nz,,Trump postpones his China trip to focus on the war in Iran,"The US president says he’ll go to China in five or six weeks’ time instead of at the end of the month, “resetting” his visit with Chinese President Xi Jinping.",2026-03-17T18:39:17Z
thehindu,,"Around 1,00,000 flee South Sudan offensive into Ethiopia: UNICEF",Akobo in the eastern state of Jonglei is the latest flashpoint as fighting between the government and opposition has brought South Sudan back to the brink of all-out civil war,2026-03-17T18:39:16Z
google,,Former Bloc Québécois MP arrested on sexual assault charges - CTV News,Former Bloc Québécois MP arrested on sexual assault charges CTV News Former Bloc Québécois MP charged with sex crimes involving minors CBC Former Bloc Québécois MP faces sexual assault charges Yahoo News Canada,2026-03-17T18:39:16Z
edmonton_citynews_ca,news staff,Edmonton Oilers’ Leon Draisaitl to miss rest of regular season due to injury,The Edmonton Oilers say forward Leon Draisaitl is expected to miss the remainder of the regular season due to injury. The German superstar was forced to leave Sunday’s game against the Nashville Predators with a lower-body injury. More coming. The post Edmonton Oilers’ Leon Draisaitl to miss rest of regular season due to injury appeared first on CityNews Edmonton .,2026-03-17T18:39:15Z
thehindu,,Rising star Antonelli says Chinese GP triumph 'starting point' for F1 success,"Antonelli, who took over Lewis Hamilton's old seat at Mercedes at the start of the 2025 season, is the first Italian to win an F1 GP since Giancarlo Fisichella 20 years ago",2026-03-17T18:39:13Z
andhrabhoomi,dc correspondent,"Hyderabad Sees Strong Office Space Demand, Supply","Hyderabad, along with Bengaluru and Delhi-NCR, is expected to anchor this growth cycle",2026-03-17T18:39:13Z
telanganatoday,telangana today,PSPB men and RBI women clinch team titles at nationals,"The 87th UTT Senior National Table Tennis Championships saw PSPB men defeat West Bengal 3-0 to retain their dominance, while RBI women staged a comeback to edge PSPB 3-2 in a thrilling final, reclaiming the trophy after two years",2026-03-17T18:39:13Z
comicbook,bryan cairns,Sarah Michelle Gellar & Elijah Wood Discuss Their Horror Returns in Ready or Not 2 & Buffy & The Faculty Revivals [Exclusive],"In Ready or Not 2, there’s the hunted, the hunters, and the sinister host outlining the rules of this warped new round of hide-and-seek. Buffy the Vampire Slayer’s Sarah Michelle Gellar and Lord of the Rings’ Elijah Wood fall into the two latter categories. The second chapter once again finds Grace (Samara Weaving) forced into [...]",2026-03-17T18:39:12Z
liverpoolecho,christopher megrath,Liverpool City centre at a standstill as thousands continue St Patrick's Day party in the street,Bars are witnessing a two hour wait time this St Patrick's Day,2026-03-17T18:39:12Z
rblandmark,riverside-brookfield landmark,"John Hronec, 80","John M. “Jack” Hronec Sr., 80, of Brookfield, died on March 9, 2026 at LaGrange Hospital. Born on Feb. 18, 1946 in Chicago, he worked as an operating engineer at Western Electric and later at the Dirksen Federal Building before retiring. He was an avid sport pilot. Jack was the father of Suzette Ferrill and [...] The post John Hronec, 80 appeared first on Riverside-Brookfield Landmark .",2026-03-17T18:39:12Z
thehindu,,Anti-defacement squad removes 350 campaign materials in district,,2026-03-17T18:39:11Z
citinewsroom,isaac appiah-kubi,Ashanti Region: KMA arrests four suspected drug dealers at Ashtown,"The Kumasi Metropolitan Assembly (KMA), through its Internal Security Task Force, has arrested four individuals for allegedly selling illicit drugs at the",2026-03-17T18:39:11Z
wgxa_tv,mina allen; the national news desk,Man found guilty of 2019 murder after CEO allegedly forced workers 500 pushups for pay,A jury has convicted a man who killed a CEO in 2019 after breaking into his home.,2026-03-17T18:39:10Z
oleantimesherald,,SBU literacy hub for grades 5-12 has openings for Monday start,,2026-03-17T18:39:10Z
ctvnews,becca clarkson,Quick reporting leads to arrest after purse theft in New Westminster,A man has been arrested after a woman’s purse was stolen from a coffee shop in New Westminster’s Uptown neighbourhood on Saturday.,2026-03-17T18:39:10Z
newschannel9,mina allen; the national news desk,Man found guilty of 2019 murder after CEO allegedly forced workers 500 pushups for pay,A jury has convicted a man who killed a CEO in 2019 after breaking into his home.,2026-03-17T18:39:10Z
news3lv,mina allen; the national news desk,Man found guilty of 2019 murder after CEO allegedly forced workers 500 pushups for pay,A jury has convicted a man who killed a CEO in 2019 after breaking into his home.,2026-03-17T18:39:10Z
rmoutlook,canadian press,CP NewsAlert: Oilers star Leon Draisaitl out with season-ending injury,EDMONTON — The Edmonton Oilers say star forward Leon Draisaitl will miss the rest of the season with a lower-body injury. More coming. The Canadian Press,2026-03-17T18:39:09Z
lethbridgeherald,canadian press,CP NewsAlert: Oilers star Leon Draisaitl out with season-ending injury,EDMONTON — The Edmonton Oilers say star forward Leon Draisaitl will miss the rest of the season with a lower-body injury. More coming. The Canadian Press The post CP NewsAlert: Oilers star Leon Draisaitl out with season-ending injury appeared first on The Lethbridge Herald - News and Sports from around Lethbridge .,2026-03-17T18:39:09Z
princegeorgecitizen,canadian press,CP NewsAlert: Oilers star Leon Draisaitl out with season-ending injury,EDMONTON — The Edmonton Oilers say star forward Leon Draisaitl will miss the rest of the season with a lower-body injury. More coming. The Canadian Press,2026-03-17T18:39:09Z
westernwheel,canadian press,CP NewsAlert: Oilers star Leon Draisaitl out with season-ending injury,EDMONTON — The Edmonton Oilers say star forward Leon Draisaitl will miss the rest of the season with a lower-body injury. More coming. The Canadian Press,2026-03-17T18:39:09Z
brandonsun,the canadian press,Edmonton Oilers star Leon Draisaitl out for regular season with lower-body injury,"EDMONTON – Edmonton Oilers star forward Leon Draisaitl was expected to miss the rest of the regular season with a lower-body injury, the NHL team said Tuesday. Draisaitl was hurt on a hit from N...",2026-03-17T18:39:09Z
kutv,mina allen; the national news desk,Man found guilty of 2019 murder after CEO allegedly forced workers 500 pushups for pay,A jury has convicted a man who killed a CEO in 2019 after breaking into his home.,2026-03-17T18:39:09Z
winnipegfreepress,the canadian press,Edmonton Oilers star Leon Draisaitl out for regular season with lower-body injury,EDMONTON – The Edmonton Oilers say star forward Leon Draisaitl will miss the rest of the regular season with a lower-body injury. Draisaitl was hurt on a hit from Nashville Predators forward Ozz...,2026-03-17T18:39:09Z
thehindu,,"TIMS Sanathnagar inauguration on Ugadi uncertain as construction, staffing gaps persist",,2026-03-17T18:39:09Z
stalbertgazette,,CP NewsAlert: Oilers star Leon Draisaitl out with season-ending injury,EDMONTON — The Edmonton Oilers say star forward Leon Draisaitl will miss the rest of the season with a lower-body injury. More coming. The Canadian Press,2026-03-17T18:39:09Z
devdiscourse,devdiscourse news desk,Projectile Incident Near Iran's Bushehr Nuclear Power Plant Raises Concerns,"Projectile Incident Near Iran's Bushehr Nuclear Power Plant Raises Concerns A projectile incident near Iran's Bushehr Nuclear Power Plant has drawn attention, though authorities confirm no damage was incurred. The Atomic Energy Organisation, as cited by Iran's Tansim news agency, reported on Tuesday that the projectile impacted the plant's vicinity. The incident took place around 7 p.m. local time, according to the news agency. The Bushehr plant, located in the port city of Bushehr, continues to attract international scrutiny due to its strategic significance and the sensitive nature of its operations. While no harm was reported, the situation highlights ongoing geopolitical tensions in the region and the constant security challenges that nuclear facilities in volatile zones face.",2026-03-17T18:39:09Z
medicinehatnews,canadian press,CP NewsAlert: Oilers star Leon Draisaitl out with season-ending injury,EDMONTON — The Edmonton Oilers say star forward Leon Draisaitl will miss the rest of the season with a lower-body injury. More coming. The Canadian Press The post CP NewsAlert: Oilers star Leon Draisaitl out with season-ending injury appeared first on Medicine Hat News .,2026-03-17T18:39:09Z
townandcountrytoday,canadian press,CP NewsAlert: Oilers star Leon Draisaitl out with season-ending injury,EDMONTON — The Edmonton Oilers say star forward Leon Draisaitl will miss the rest of the season with a lower-body injury. More coming. The Canadian Press,2026-03-17T18:39:09Z
ktul,mina allen; the national news desk,Man found guilty of 2019 murder after CEO allegedly forced workers 500 pushups for pay,A jury has convicted a man who killed a CEO in 2019 after breaking into his home.,2026-03-17T18:39:09Z
panow,the canadian press,Edmonton Oilers star Leon Draisaitl out for regular season with lower-body injury,EDMONTON - The Edmonton Oilers say star forward Leon Draisaitl will miss the rest of the regular season with a lower-body injury. Draisaitl was hurt o...,2026-03-17T18:39:09Z
lethbridgenewsnow,the canadian press,Edmonton Oilers star Leon Draisaitl out for regular season with lower-body injury,EDMONTON - The Edmonton Oilers say star forward Leon Draisaitl will miss the rest of the regular season with a lower-body injury. Draisaitl was hurt o...,2026-03-17T18:39:09Z
katv,mina allen; the national news desk,Man found guilty of 2019 murder after CEO allegedly forced workers 500 pushups for pay,A jury has convicted a man who killed a CEO in 2019 after breaking into his home.,2026-03-17T18:39:07Z
bahrainnews,,UAE President and Indian Prime Minister discuss regional developments,"ABU DHABI, 17th March, 2026 (WAM) -- UAE President His Highness Sheikh Mohamed bin Zayed Al Nahyan today received a phone call from His Excellency Narendra Modi, Prime Minister of the Republic of India, during which they discussed developments in the region amid escalating military actions and their serious implications for regional and international security and stability. During the call, His Excellency Modi re",2026-03-17T18:39:07Z
news_gcu_edu,,Skyfire Film Festival Archives - GCU News,,2026-03-17T18:39:07Z
news_gcu_edu,,documentary Archives - GCU News,,2026-03-17T18:39:07Z
statesmanjournal,statesman journal,Police shoot 1 on State Street in Salem,The Marion County Sheriff's Office had few details but said the deadly force incident was after a 911 caller reported being held hostage.,2026-03-17T18:39:06Z
barchart,amit singh,Marvell Stock Forecast: Will AI Power MRVL Stock Higher?,"Strong demand for Marvell’s data center products, expected acceleration in top-line growth, and solid bottom-line growth could support the rally in MRVL stock.",2026-03-17T18:39:05Z
communitynewspapergroup,alyssa norwin; tv insider,‘American Idol’ Fans Love Keke Palmer as Guest Judge: Should She Join Permanently? (POLL),Fans are loving her guest spot in Season 24,2026-03-17T18:39:02Z
kdhnews,alyssa norwin; tv insider,‘American Idol’ Fans Love Keke Palmer as Guest Judge: Should She Join Permanently? (POLL),Fans are loving her guest spot in Season 24,2026-03-17T18:39:02Z
bhpioneer,,‘American Idol’ Fans Love Keke Palmer as Guest Judge: Should She Join Permanently? (POLL),Fans are loving her guest spot in Season 24,2026-03-17T18:39:02Z
yakimaherald,,‘American Idol’ Fans Love Keke Palmer as Guest Judge: Should She Join Permanently? (POLL),Fans are loving her guest spot in Season 24,2026-03-17T18:39:02Z
hendersondispatch,,‘American Idol’ Fans Love Keke Palmer as Guest Judge: Should She Join Permanently? (POLL),Fans are loving her guest spot in Season 24,2026-03-17T18:39:02Z
conwaydailysun,,‘American Idol’ Fans Love Keke Palmer as Guest Judge: Should She Join Permanently? (POLL),Fans are loving her guest spot in Season 24,2026-03-17T18:39:02Z
guampdn,alyssa norwin; tv insider,‘American Idol’ Fans Love Keke Palmer as Guest Judge: Should She Join Permanently? (POLL),Fans are loving her guest spot in Season 24,2026-03-17T18:39:02Z
caledonianrecord,alyssa norwin; tv insider,‘American Idol’ Fans Love Keke Palmer as Guest Judge: Should She Join Permanently? (POLL),Fans are loving her guest spot in Season 24,2026-03-17T18:39:02Z
citizentribune,alyssa norwin; tv insider,‘American Idol’ Fans Love Keke Palmer as Guest Judge: Should She Join Permanently? (POLL),Fans are loving her guest spot in Season 24,2026-03-17T18:39:02Z
chronicle_tribune,alyssa norwin; tv insider,‘American Idol’ Fans Love Keke Palmer as Guest Judge: Should She Join Permanently? (POLL),Fans are loving her guest spot in Season 24,2026-03-17T18:39:02Z
rockdalenewtoncitizen,alyssa norwin; tv insider,‘American Idol’ Fans Love Keke Palmer as Guest Judge: Should She Join Permanently? (POLL),Fans are loving her guest spot in Season 24,2026-03-17T18:39:02Z
cadillacnews,alyssa norwin; tv insider,‘American Idol’ Fans Love Keke Palmer as Guest Judge: Should She Join Permanently? (POLL),Fans are loving her guest spot in Season 24,2026-03-17T18:39:02Z
ttownmedia,,‘American Idol’ Fans Love Keke Palmer as Guest Judge: Should She Join Permanently? (POLL),Fans are loving her guest spot in Season 24,2026-03-17T18:39:02Z
columbiagorgenews,alyssa norwin; tv insider,‘American Idol’ Fans Love Keke Palmer as Guest Judge: Should She Join Permanently? (POLL),Fans are loving her guest spot in Season 24,2026-03-17T18:39:02Z
thecouriertimes,,‘American Idol’ Fans Love Keke Palmer as Guest Judge: Should She Join Permanently? (POLL),Fans are loving her guest spot in Season 24,2026-03-17T18:39:02Z
southernminn,alyssa norwin; tv insider,‘American Idol’ Fans Love Keke Palmer as Guest Judge: Should She Join Permanently? (POLL),Fans are loving her guest spot in Season 24,2026-03-17T18:39:02Z
hometownregister,,‘American Idol’ Fans Love Keke Palmer as Guest Judge: Should She Join Permanently? (POLL),Fans are loving her guest spot in Season 24,2026-03-17T18:39:02Z
suncommercial,,‘American Idol’ Fans Love Keke Palmer as Guest Judge: Should She Join Permanently? (POLL),Fans are loving her guest spot in Season 24,2026-03-17T18:39:02Z
henryherald,alyssa norwin; tv insider,‘American Idol’ Fans Love Keke Palmer as Guest Judge: Should She Join Permanently? (POLL),Fans are loving her guest spot in Season 24,2026-03-17T18:39:02Z
mtdemocrat,alyssa norwin; tv insider,‘American Idol’ Fans Love Keke Palmer as Guest Judge: Should She Join Permanently? (POLL),Fans are loving her guest spot in Season 24,2026-03-17T18:39:02Z
messenger_inquirer,,‘American Idol’ Fans Love Keke Palmer as Guest Judge: Should She Join Permanently? (POLL),Fans are loving her guest spot in Season 24,2026-03-17T18:39:02Z
griffindailynews,alyssa norwin; tv insider,‘American Idol’ Fans Love Keke Palmer as Guest Judge: Should She Join Permanently? (POLL),Fans are loving her guest spot in Season 24,2026-03-17T18:39:02Z
postguam,alyssa norwin; tv insider,‘American Idol’ Fans Love Keke Palmer as Guest Judge: Should She Join Permanently? (POLL),Fans are loving her guest spot in Season 24,2026-03-17T18:39:02Z
themountainpress,,‘American Idol’ Fans Love Keke Palmer as Guest Judge: Should She Join Permanently? (POLL),Fans are loving her guest spot in Season 24,2026-03-17T18:39:02Z
news_daily,alyssa norwin; tv insider,‘American Idol’ Fans Love Keke Palmer as Guest Judge: Should She Join Permanently? (POLL),Fans are loving her guest spot in Season 24,2026-03-17T18:39:02Z
manchestertimes,alyssa norwin; tv insider,‘American Idol’ Fans Love Keke Palmer as Guest Judge: Should She Join Permanently? (POLL),Fans are loving her guest spot in Season 24,2026-03-17T18:39:02Z
emporiagazette,alyssa norwin; tv insider,‘American Idol’ Fans Love Keke Palmer as Guest Judge: Should She Join Permanently? (POLL),Fans are loving her guest spot in Season 24,2026-03-17T18:39:02Z
newsargus,alyssa norwin; tv insider,‘American Idol’ Fans Love Keke Palmer as Guest Judge: Should She Join Permanently? (POLL),Fans are loving her guest spot in Season 24,2026-03-17T18:39:02Z
wyomingnews,alyssa norwin; tv insider,‘American Idol’ Fans Love Keke Palmer as Guest Judge: Should She Join Permanently? (POLL),Fans are loving her guest spot in Season 24,2026-03-17T18:39:02Z
themercury,alyssa norwin; tv insider,‘American Idol’ Fans Love Keke Palmer as Guest Judge: Should She Join Permanently? (POLL),Fans are loving her guest spot in Season 24,2026-03-17T18:39:02Z
laconiadailysun,alyssa norwin; tv insider,‘American Idol’ Fans Love Keke Palmer as Guest Judge: Should She Join Permanently? (POLL),Fans are loving her guest spot in Season 24,2026-03-17T18:39:02Z
newsweek,jordan sigler,NFL Executives Blast Falcons' Kevin Stefanski for Latest QB Decision,The Atlanta Falcons and Kevin Stefanski were criticized for moving on from Kirk Cousins and signing Tua Tagovailoa.,2026-03-17T18:39:01Z
tribstar,mark bennett tribune-star,Cavs' Craig Porter Jr. out 1-3 weeks; Jayson Kent gets 1st NBA basket,"Despite a strong performance for the Cleveland Cavaliers in the NBA team's win at Dallas on Friday, reserve point guard Craig Porter Jr. also suffered a groin injury in that game and will be sidelined for one to three weeks.",2026-03-17T18:39:00Z
thedailymeal,javaria akbar,Declutter Kitchen Utensils With What's Already In Your Fridge,Don't leave your forks and knives askew a moment longer. This genius organization hack is so simple that you'll want to try it right now (and thank us later).,2026-03-17T18:39:00Z
businesswire,media contact:,"Generational Capital Markets Advises Brycon Corporation in its Sale to HITT Contracting, Inc.","DALLAS--(BUSINESS WIRE)--Generational Capital Markets (GCM), a member of FINRA/SIPC and a leading mergers and acquisitions consultant for privately held businesses, is pleased to announce the sale of Brycon Corporation to HITT Contracting, Inc. The acquisition closed February 2, 2026. Headquartered in Rio Rancho, New Mexico, Brycon Corporation is a full service commercial and industrial construction firm specializing in complex, technically demanding projects. Founded in 1990, the company speci",2026-03-17T18:39:00Z
gazetanews,lara barth,Chuvas; Tempestade,"Mais de 200 milhões de pessoas enfrentam condições extremas, com voos cancelados, apagões e eventos climáticos severos em várias regiões",2026-03-17T18:39:00Z
jpost,anthony avice du buisson,Kurds unite for a federal Iran: The only path to sustainable change - opinion,What comes after the regime is now the question that must be asked by both the people of Iran and the great powers.,2026-03-17T18:39:00Z
fool,justin pope,Better Defense Stock: Lockheed Martin vs. RTX,"Two defense titans go head to head, though one stands out as a clear winner.",2026-03-17T18:39:00Z
thesun,,Aryna Sabalenka’s tennis bestie leaves fans speechless as she shows off incredible figure in bikini,"ARYNA SABALENKA's bestie Paula Badosa has left fans speechless after showing off her incredible bikini body. The tennis ace is one half of the ""Sabadosa"" friendship along with Sabalenka. The couple are often hailed by fans for the friendship which transcends the sport. They often post pictures together on social media, enjoying each other's company....",2026-03-17T18:39:00Z
unionleader,kevin landrigan union leader staff,Bill making judicial evaluations public clears key panel,A bill that would for the first time make public the performance evaluations of all New Hampshire judges narrowly cleared a House committee Tuesday.,2026-03-17T18:39:00Z
thescottishsun,,Aryna Sabalenka’s tennis bestie leaves fans speechless as she shows off incredible figure in bikini,"ARYNA SABALENKA's bestie Paula Badosa has left fans speechless after showing off her incredible bikini body. The tennis ace is one half of the ""Sabadosa"" friendship along with Sabalenka. The couple are often hailed by fans for the friendship which transcends the sport. They often post pictures together on social media, enjoying each other's company....",2026-03-17T18:39:00Z
thenorthlines,northlines,"India slams Pakistan at UNGA over religious persecution, Afghanistan airstrikes","United Nations, March 17: At the United Nations General Assembly, India strongly criticised Pakistan for what it described as “fabricating imaginative” narratives of Islamophobia while ignoring issues within its own borders. Speaking during a session marking the International Day to Combat Islamophobia, India’s Permanent Representative Parvathaneni Harish questioned Pakistan’s credibility on the issue. Harish pointed [...] The post India slams Pakistan at UNGA over religious persecution, Afghanistan airstrikes appeared first on Northlines .",2026-03-17T18:38:57Z
daytondailynews,sophia tareen,Illinois voters pick a new generation of Democrats after near-record retirements,Illinois voters are deciding primaries for six open U.S. House and Senate seats that will spur a new generation of leadership in the state’s heavily Democratic congressional delegation,2026-03-17T18:38:55Z
journal_news,sophia tareen,Illinois voters pick a new generation of Democrats after near-record retirements,Illinois voters are deciding primaries for six open U.S. House and Senate seats that will spur a new generation of leadership in the state’s heavily Democratic congressional delegation,2026-03-17T18:38:55Z
usmagazine,russell steinberg,Oregon QB Dante Moore Gets Candid About ‘Struggling Deeply’ With Mental Health,"University of Oregon quarterback Dante Moore is advocating for better mental health services in his state, and he’s opening up about his own experiences to make his point. Moore, 20, who has played the last two seasons in Eugene since transferring from UCLA, wrote a letter to Oregon governor Tina Kotek, in which he revealed [...]",2026-03-17T18:38:54Z
ctvnews,heather senoran,Waterloo Walmart reopens after ‘act of arson’,"Walmart at Bridgeport Plaza in Waterloo will reopen at 3 p.m. Tuesday, a few days after a suspicious fire inside the store.",2026-03-17T18:38:54Z
hoodline,javi gonzalez,San Antonio Schools Stare Down $46 Million Hole As District Targets Central Office Jobs,"San Antonio ISD plans to cut about 220 positions, including central office and some teachers, to address a $46M shortfall; trustees meet April 13.",2026-03-17T18:38:53Z
marginalrevolution,tyler cowen,One reason why South Africa is difficult to govern (South Africa fact of the day),"South Africa holds the grim distinction of being the most unequal country on Earth. South Africa leads the global ranking with a Gini index of 0.63. Statista The richest 10% of South Africans hold 71% of the wealth, while the poorest 60% hold just 7%. World Population Review This extreme inequality is largely rooted in [...] The post One reason why South Africa is difficult to govern (South Africa fact of the day) appeared first on Marginal REVOLUTION .",2026-03-17T18:38:53Z
foxnews,ashley oliver,Biden-appointed judge twice shut down by SCOTUS faces 'activist' fire after latest Trump policy block,"Biden-appointed federal judge Brian Murphy faced DOJ criticism after being overturned multiple times by the Supreme Court, and now he has blocked Trump vaccine policies.",2026-03-17T18:38:51Z
thesun,,Iconic Champions League stadium still looks like building site in behind-the-scenes footage despite £1.3billion facelift,"BARCELONA'S iconic Nou Camp still looks like a building site despite a £1.3billion facelift. The famous stadium is yet to re-open in full since construction first started in June 2023. Barcelona returned to playing home matches at the Nou Camp in November in front of crowds of 45,401. But there is plenty of work left...",2026-03-17T18:38:51Z
dailymailuk,,Mason Greenwood is Champions League giants' 'favourite transfer target' this summer - and Man United could get pay-out from £43m fee,"Mason Greenwood could be on the move this summer, with the Marseille forward linked with a transfer to a European giant.",2026-03-17T18:38:51Z
thescottishsun,charlie wyett,Iconic Champions League stadium still looks like building site in behind-the-scenes footage despite £1.3billion facelift,"BARCELONA'S iconic Nou Camp still looks like a building site despite a £1.3billion facelift. The famous stadium is yet to re-open in full since construction first started in June 2023. Barcelona returned to playing home matches at the Nou Camp in November in front of crowds of 45,401. But there is plenty of work left...",2026-03-17T18:38:51Z
rttnews,rttnews,Crude Oil Soars As Iran Intensifies Attacks On Production Facilities,"Recovering from yesterday's slump, crude oil surged on Tuesday as Iran stepped up its attack on energy infrastructure in the Middle East in its war against the U.",2026-03-17T18:38:48Z
finanzen_at,rttnews,Crude Oil Soars As Iran Intensifies Attacks On Production Facilities,"(RTTNews) - Recovering from yesterday's slump, crude oil surged on Tuesday as Iran stepped up its attack on energy infrastructure in the Middle East in its war against the U.S.-Israel combined forces. WTI Crude Oil for April delivery was last seen trading up by $2.57 (or 2.75%) at $96.07 per barrel. The U.S.-Israel versus Iran conflict entered...",2026-03-17T18:38:48Z
gvwire,reuters,Cuba Gradually Restores Power Amid US Oil Blockade,"Cuba has reconnected much of its electrical grid and brought online its largest oil-fired power plant, energy officials said on Tuesday, one day after a nationwide blackout left 10 million people in the dark amid a U.S. move to choke off the island’s fuel supply. U.S. President Donald Trump escalated his rhetoric against the communist-run [...] The post Cuba Gradually Restores Power Amid US Oil Blockade appeared first on GV Wire .",2026-03-17T18:38:46Z
jpost,reuters,"US encourages Syrian action against Hezbollah, Damascus is hesitant, sources say","Despite historic enmity towards Hezbollah and Tehran, Syrian President Ahmed al-Sharaa has moved cautiously since US-Israeli airstrikes on Iran began on February 28.",2026-03-17T18:38:43Z
daytondailynews,,Local Real Estate: Tudor-style Oakwood home with 3 stories is on wooded lot,,2026-03-17T18:38:43Z
supplychainbrain,supplychainbrain,Amazon Launches One-Hour and Three-Hour Deliveries,"The new faster delivery options are on available for more than 90,000 eligible products, including cleaning supplies, beauty items and paper products.",2026-03-17T18:38:42Z
aa_tr,,Scandinavian Airlines cancels over 130 flights amid rising fuel costs,"Broader European aviation sector is under pressure from fuel price volatility, airline says",2026-03-17T18:38:38Z
invezz,crispus nyaga,Gemini stock: Will Winklevoss Twins’ company crash below $5 after earnings?,"Gemini Space Station stock price will be in the spotlight this week as the Winklevoss Twins-backed crypto exchange publishes its financial results. GEMI has dropped to $7.2 from last year's high of $46, which has dropped its market capitalization from over $4 billion to $850 million. Gemini Space Station's business is facing major challenges ahead of earnings GEMI stock price has dropped sharply since its initial public offering (IPO) in September last year. This retreat has coincided with the performance of most companies in the crypto industry, including popular names like Coinbase and Bullish. The retreat also coincided with the weakness in the crypto industry, with Bitcoin and most altcoins being deeply in the red. Bitcoin dropped from the all-time...",2026-03-17T18:38:36Z
report_az,report.az,'Bloggers'' fake photos - State Security Service exposes lies,"As Report previously wrote, the State Security Service has detained a person who blackmailed the family of Azerbaijani President Ilham Aliyev.",2026-03-17T18:38:35Z
louder,paul brannigan,"""She dumped the baby on me and Joe Strummer and f***ed off for three days."" That time a world famous rock star got shocked members of The Clash and The Damned to babysit her daughter while she went out partying",Two Punks And A Baby: A Hollywood Tale,2026-03-17T18:38:32Z
yardbarker,"intern, julian biondi",'Not Even The Smallest Interest': Steelers Absolutely Won't Be Derailed From Their Plan,"The Pittsburgh Steelers have made it clear they're willing to wait on their starting quarterback from last year, Aaron Rodgers. Rodgers was an effective veteran signal-caller last season, leading Pittsburgh to an AFC North title and a playoff berth.",2026-03-17T18:38:31Z
doncasterfreepress,ricky charlesworth,Former Doncaster Rovers loanee shares fresh injury update amid uncertain future,Frankie Okoronkwo has issued an update on his injury status after his loan spell at Doncaster Rovers was cut short.,2026-03-17T18:38:30Z
converseer,editorial team,"FG declares Thursday, Friday public holidays for Eid-ul-Fitr","By Joe Udo ABUJA (CONVERSEER) – The Federal Government has declared Thursday, March 19, and Friday, March 20, 2026, as public holidays to mark Eid-ul-Fitr. In a statement on Thursday, the Permanent Secretary at the Ministry of Interior, Magdalene Ajani, says the declaration was made on behalf of the Federal Government by the Minister of... This article FG declares Thursday, Friday public holidays for Eid-ul-Fitr was first published on Converseer .",2026-03-17T18:38:29Z
boston25news,,Country music bassist Jerry Leach dies in freak accident,,2026-03-17T18:38:29Z
newsweek,jenna sundel,John Roberts Reveals 'Absurd' Supreme Court Notion,"History is full of examples of presidents appointing people and being really surprised how they turned out,"" said Roberts.",2026-03-17T18:38:29Z
hitc,guadalupe carniel,Cameron Norrie responds after overtaking Jack Draper as British number one,Cameron Norrie has returned to the top spot in British tennis after Jack Draper’s quarterfinal exit at Indian Wells. Norrie also made it to the ...,2026-03-17T18:38:28Z
yardbarker,guadalupe carniel,Cameron Norrie responds after overtaking Jack Draper as British number one,"Cameron Norrie has returned to the top spot in British tennis after Jack Draper’s quarterfinal exit at Indian Wells. Norrie also made it to the last eight in California, where he lost in straight sets to Carlos Alcaraz.",2026-03-17T18:38:28Z
yahoo,ed feng,March Madness bracket strategy: Contrarian strategies to help you win your bracket pool,Ed Feng dives into strategies to help you fill out your bracket pool this year.,2026-03-17T18:38:22Z
thenationonlineng,our reporter,"Alleged ‘vote of no confidence’ in Senator Karimi false, misleading, says Report","Investigations into claims that ward chairmen of the All Progressives Congress (APC) in Yagba West Local Government Area of Kogi State passed a vote of no confidence in Senator Sunday The post Alleged ‘vote of no confidence’ in Senator Karimi false, misleading, says Report appeared first on The Nation Newspaper .",2026-03-17T18:38:22Z
yorkshireeveningpost,gareth butterfield,"Win a £1.4m house, two supercars and £100k cash for just 19p (aff)","A 19p entry could land one lucky winner a luxury home, two high-end cars and a six-figure cash prize at the end of the month",2026-03-17T18:38:20Z
portsmouth,gareth butterfield,"Win a £1.4m house, two supercars and £100k cash for just 19p (aff)","A 19p entry could land one lucky winner a luxury home, two high-end cars and a six-figure cash prize at the end of the month",2026-03-17T18:38:20Z
worksopguardian,gareth butterfield,"Win a £1.4m house, two supercars and £100k cash for just 19p (aff)","A 19p entry could land one lucky winner a luxury home, two high-end cars and a six-figure cash prize at the end of the month",2026-03-17T18:38:20Z
derryjournal,gareth butterfield,"Win a £1.4m house, two supercars and £100k cash for just 19p (aff)","A 19p entry could land one lucky winner a luxury home, two high-end cars and a six-figure cash prize at the end of the month",2026-03-17T18:38:20Z
newsletter,gareth butterfield,"Win a £1.4m house, two supercars and £100k cash for just 19p (aff)","A 19p entry could land one lucky winner a luxury home, two high-end cars and a six-figure cash prize at the end of the month",2026-03-17T18:38:20Z
miltonkeynes,gareth butterfield,"Win a £1.4m house, two supercars and £100k cash for just 19p (aff)","A 19p entry could land one lucky winner a luxury home, two high-end cars and a six-figure cash prize at the end of the month",2026-03-17T18:38:20Z
northamptonchron,gareth butterfield,"Win a £1.4m house, two supercars and £100k cash for just 19p (aff)","A 19p entry could land one lucky winner a luxury home, two high-end cars and a six-figure cash prize at the end of the month",2026-03-17T18:38:20Z
chad,gareth butterfield,"Win a £1.4m house, two supercars and £100k cash for just 19p (aff)","A 19p entry could land one lucky winner a luxury home, two high-end cars and a six-figure cash prize at the end of the month",2026-03-17T18:38:20Z
northernirelandworld,gareth butterfield,"Win a £1.4m house, two supercars and £100k cash for just 19p (aff)","A 19p entry could land one lucky winner a luxury home, two high-end cars and a six-figure cash prize at the end of the month",2026-03-17T18:38:20Z
edinburghnews,gareth butterfield,"Win a £1.4m house, two supercars and £100k cash for just 19p (aff)","A 19p entry could land one lucky winner a luxury home, two high-end cars and a six-figure cash prize at the end of the month",2026-03-17T18:38:20Z
glasgowworld,gareth butterfield,"Win a £1.4m house, two supercars and £100k cash for just 19p (aff)","A 19p entry could land one lucky winner a luxury home, two high-end cars and a six-figure cash prize at the end of the month",2026-03-17T18:38:20Z
usatoday,usa today,"Miami gets a Jaylen Waddle replacement, DB upgrades in 7-round mock","After today's massive NFL trade, the Dolphins have more draft picks in 2026 than almost any team in the NFL. Here's how we think they could use it.",2026-03-17T18:38:20Z
northumberlandgazette,gareth butterfield,"Win a £1.4m house, two supercars and £100k cash for just 19p (aff)","A 19p entry could land one lucky winner a luxury home, two high-end cars and a six-figure cash prize at the end of the month",2026-03-17T18:38:20Z
hucknalldispatch_uk,gareth butterfield,"Win a £1.4m house, two supercars and £100k cash for just 19p (aff)","A 19p entry could land one lucky winner a luxury home, two high-end cars and a six-figure cash prize at the end of the month",2026-03-17T18:38:20Z
warwickshireworld,gareth butterfield,"Win a £1.4m house, two supercars and £100k cash for just 19p (aff)","A 19p entry could land one lucky winner a luxury home, two high-end cars and a six-figure cash prize at the end of the month",2026-03-17T18:38:20Z
derbyshiretimes,gareth butterfield,"Win a £1.4m house, two supercars and £100k cash for just 19p (aff)","A 19p entry could land one lucky winner a luxury home, two high-end cars and a six-figure cash prize at the end of the month",2026-03-17T18:38:20Z
daventryexpress_uk,gareth butterfield,"Win a £1.4m house, two supercars and £100k cash for just 19p (aff)","A 19p entry could land one lucky winner a luxury home, two high-end cars and a six-figure cash prize at the end of the month",2026-03-17T18:38:20Z
falkirkherald_uk,gareth butterfield,"Win a £1.4m house, two supercars and £100k cash for just 19p (aff)","A 19p entry could land one lucky winner a luxury home, two high-end cars and a six-figure cash prize at the end of the month",2026-03-17T18:38:20Z
hartlepoolmail,gareth butterfield,"Win a £1.4m house, two supercars and £100k cash for just 19p (aff)","A 19p entry could land one lucky winner a luxury home, two high-end cars and a six-figure cash prize at the end of the month",2026-03-17T18:38:20Z
yorkshirepost,gareth butterfield,"Win a £1.4m house, two supercars and £100k cash for just 19p (aff)","A 19p entry could land one lucky winner a luxury home, two high-end cars and a six-figure cash prize at the end of the month",2026-03-17T18:38:20Z
burnleyexpress,gareth butterfield,"Win a £1.4m house, two supercars and £100k cash for just 19p (aff)","A 19p entry could land one lucky winner a luxury home, two high-end cars and a six-figure cash prize at the end of the month",2026-03-17T18:38:20Z
sunderlandecho,gareth butterfield,"Win a £1.4m house, two supercars and £100k cash for just 19p (aff)","A 19p entry could land one lucky winner a luxury home, two high-end cars and a six-figure cash prize at the end of the month",2026-03-17T18:38:20Z
doncasterfreepress,gareth butterfield,"Win a £1.4m house, two supercars and £100k cash for just 19p (aff)","A 19p entry could land one lucky winner a luxury home, two high-end cars and a six-figure cash prize at the end of the month",2026-03-17T18:38:20Z
sussexexpress_uk,gareth butterfield,"Win a £1.4m house, two supercars and £100k cash for just 19p (aff)","A 19p entry could land one lucky winner a luxury home, two high-end cars and a six-figure cash prize at the end of the month",2026-03-17T18:38:20Z
halifaxcourier,gareth butterfield,"Win a £1.4m house, two supercars and £100k cash for just 19p (aff)","A 19p entry could land one lucky winner a luxury home, two high-end cars and a six-figure cash prize at the end of the month",2026-03-17T18:38:20Z
lincolnshireworld,gareth butterfield,"Win a £1.4m house, two supercars and £100k cash for just 19p (aff)","A 19p entry could land one lucky winner a luxury home, two high-end cars and a six-figure cash prize at the end of the month",2026-03-17T18:38:20Z
harrogateadvertiser,gareth butterfield,"Win a £1.4m house, two supercars and £100k cash for just 19p (aff)","A 19p entry could land one lucky winner a luxury home, two high-end cars and a six-figure cash prize at the end of the month",2026-03-17T18:38:20Z
rotherhamadvertiser_uk,gareth butterfield,"Win a £1.4m house, two supercars and £100k cash for just 19p (aff)","A 19p entry could land one lucky winner a luxury home, two high-end cars and a six-figure cash prize at the end of the month",2026-03-17T18:38:20Z
leightonbuzzardonline,gareth butterfield,"Win a £1.4m house, two supercars and £100k cash for just 19p (aff)","A 19p entry could land one lucky winner a luxury home, two high-end cars and a six-figure cash prize at the end of the month",2026-03-17T18:38:20Z
northantstelegraph_uk,gareth butterfield,"Win a £1.4m house, two supercars and £100k cash for just 19p (aff)","A 19p entry could land one lucky winner a luxury home, two high-end cars and a six-figure cash prize at the end of the month",2026-03-17T18:38:20Z
thescarboroughnews,gareth butterfield,"Win a £1.4m house, two supercars and £100k cash for just 19p (aff)","A 19p entry could land one lucky winner a luxury home, two high-end cars and a six-figure cash prize at the end of the month",2026-03-17T18:38:20Z
wigantoday,gareth butterfield,"Win a £1.4m house, two supercars and £100k cash for just 19p (aff)","A 19p entry could land one lucky winner a luxury home, two high-end cars and a six-figure cash prize at the end of the month",2026-03-17T18:38:20Z
lep,gareth butterfield,"Win a £1.4m house, two supercars and £100k cash for just 19p (aff)","A 19p entry could land one lucky winner a luxury home, two high-end cars and a six-figure cash prize at the end of the month",2026-03-17T18:38:20Z
blackpoolgazette,gareth butterfield,"Win a £1.4m house, two supercars and £100k cash for just 19p (aff)","A 19p entry could land one lucky winner a luxury home, two high-end cars and a six-figure cash prize at the end of the month",2026-03-17T18:38:20Z
banburyguardian_uk,gareth butterfield,"Win a £1.4m house, two supercars and £100k cash for just 19p (aff)","A 19p entry could land one lucky winner a luxury home, two high-end cars and a six-figure cash prize at the end of the month",2026-03-17T18:38:20Z
wakefieldexpress_uk,gareth butterfield,"Win a £1.4m house, two supercars and £100k cash for just 19p (aff)","A 19p entry could land one lucky winner a luxury home, two high-end cars and a six-figure cash prize at the end of the month",2026-03-17T18:38:20Z
dewsburyreporter_uk,gareth butterfield,"Win a £1.4m house, two supercars and £100k cash for just 19p (aff)","A 19p entry could land one lucky winner a luxury home, two high-end cars and a six-figure cash prize at the end of the month",2026-03-17T18:38:20Z
thesouthernreporter,gareth butterfield,"Win a £1.4m house, two supercars and £100k cash for just 19p (aff)","A 19p entry could land one lucky winner a luxury home, two high-end cars and a six-figure cash prize at the end of the month",2026-03-17T18:38:20Z
bucksherald_uk,gareth butterfield,"Win a £1.4m house, two supercars and £100k cash for just 19p (aff)","A 19p entry could land one lucky winner a luxury home, two high-end cars and a six-figure cash prize at the end of the month",2026-03-17T18:38:20Z
thestar_co_uk,gareth butterfield,"Win a £1.4m house, two supercars and £100k cash for just 19p (aff)","A 19p entry could land one lucky winner a luxury home, two high-end cars and a six-figure cash prize at the end of the month",2026-03-17T18:38:20Z
lancasterguardian,gareth butterfield,"Win a £1.4m house, two supercars and £100k cash for just 19p (aff)","A 19p entry could land one lucky winner a luxury home, two high-end cars and a six-figure cash prize at the end of the month",2026-03-17T18:38:20Z
meltontimes_uk,gareth butterfield,"Win a £1.4m house, two supercars and £100k cash for just 19p (aff)","A 19p entry could land one lucky winner a luxury home, two high-end cars and a six-figure cash prize at the end of the month",2026-03-17T18:38:20Z
scotsman,gareth butterfield,"Win a £1.4m house, two supercars and £100k cash for just 19p (aff)","A 19p entry could land one lucky winner a luxury home, two high-end cars and a six-figure cash prize at the end of the month",2026-03-17T18:38:20Z
lutontoday,gareth butterfield,"Win a £1.4m house, two supercars and £100k cash for just 19p (aff)","A 19p entry could land one lucky winner a luxury home, two high-end cars and a six-figure cash prize at the end of the month",2026-03-17T18:38:20Z
anguscountyworld,gareth butterfield,"Win a £1.4m house, two supercars and £100k cash for just 19p (aff)","A 19p entry could land one lucky winner a luxury home, two high-end cars and a six-figure cash prize at the end of the month",2026-03-17T18:38:20Z
bedfordtoday,gareth butterfield,"Win a £1.4m house, two supercars and £100k cash for just 19p (aff)","A 19p entry could land one lucky winner a luxury home, two high-end cars and a six-figure cash prize at the end of the month",2026-03-17T18:38:20Z
stornowaygazette_uk,gareth butterfield,"Win a £1.4m house, two supercars and £100k cash for just 19p (aff)","A 19p entry could land one lucky winner a luxury home, two high-end cars and a six-figure cash prize at the end of the month",2026-03-17T18:38:20Z
harboroughmail_uk,gareth butterfield,"Win a £1.4m house, two supercars and £100k cash for just 19p (aff)","A 19p entry could land one lucky winner a luxury home, two high-end cars and a six-figure cash prize at the end of the month",2026-03-17T18:38:20Z
shieldsgazette,gareth butterfield,"Win a £1.4m house, two supercars and £100k cash for just 19p (aff)","A 19p entry could land one lucky winner a luxury home, two high-end cars and a six-figure cash prize at the end of the month",2026-03-17T18:38:20Z
liverpoolworld_uk,gareth butterfield,"Win a £1.4m house, two supercars and £100k cash for just 19p (aff)","A 19p entry could land one lucky winner a luxury home, two high-end cars and a six-figure cash prize at the end of the month",2026-03-17T18:38:20Z
peterboroughtoday,gareth butterfield,"Win a £1.4m house, two supercars and £100k cash for just 19p (aff)","A 19p entry could land one lucky winner a luxury home, two high-end cars and a six-figure cash prize at the end of the month",2026-03-17T18:38:20Z
manchesterworld,gareth butterfield,"Win a £1.4m house, two supercars and £100k cash for just 19p (aff)","A 19p entry could land one lucky winner a luxury home, two high-end cars and a six-figure cash prize at the end of the month",2026-03-17T18:38:20Z
miragenews,mirage news,Brain Tumors Use Sugar Metabolism to Evade Immune Response,Northwestern Medicine scientists have discovered that specialized immune cells within the glioblastoma tumor metabolize fructose to suppress immune,2026-03-17T18:38:18Z
thetimes,,Micky van de Ven: Spurs players not thinking about their next clubs,,2026-03-17T18:38:17Z
reuters_com,,"Tráiler de ""Dune: Parte Tres"" sale al aire tras adelanto con Zendaya y el director Villeneuve",,2026-03-17T18:38:16Z
morganhilltimes,staff report,Apply now for Rotary Club of Morgan Hill’s Darren Dean Vocational Education Grant,"The Rotary Club of Morgan Hill is now accepting applications for the Darren Dean Vocational Education Grant, which awards up to $2,000 to adults pursuing skilled trades training. The application deadline is March 31. The grant honors the legacy of Darren Dean, a local tradesman and community leader who championed the importance of skilled labor, [...]",2026-03-17T18:38:15Z
usnews,reuters,Peru's Prime Minister Resigns Weeks Before Elections,"LIMA, March 17 (Reuters) - ⁠Peruvian ⁠Prime Minister Denisse ⁠Miralles has resigned, the president's ​office said on Tuesday, just weeks ‌ahead of...",2026-03-17T18:38:13Z
dailyherald,daily herald report,Crunch Fitness coming this fall to Fox River Commons in Naperville,"Crunch Fitness franchise owner JEM Wellness Brands will open its first suburban location in the Fox River Commons in Naperville this fall. The nearly 33,000-square-foot health and fitness club is expe...",2026-03-17T18:38:13Z
wtoc,tomi marcus,Hardeeville man makes a plea to heroin trafficking case,Hardeeville man makes a plea to heroin trafficking before trial The Fourteenth Circuit Solicitor’s Office released a statement on March 17 confirming a guilty plea to a drug trafficking case.,2026-03-17T18:38:12Z
toi,,"Taurus Horoscope Today, March 18, 2026: Decide slowly, set a spending limit","Your public persona dazzles today, drawing admiration and accolades, even as some self-doubt persists beneath the surface. In matters of the heart, embrace simplicity, while the business world invites swift decisions. Tread carefully in speculative ventures, establishing firm boundaries. Keep your mind sharp through regular meals and light physical activity.",2026-03-17T18:38:11Z
si,jeff watters,DraftKings promo code offer delivers $200 bonus bets instantly when you bet $5 on March Madness First Four games featuring UMBC vs Howard and Texas vs NC State.,DraftKings promo code offer delivers $200 bonus bets instantly when you bet $5 on March Madness First Four games featuring UMBC vs Howard and Texas vs NC State.,2026-03-17T18:38:10Z
usnews,reuters,Iranian Rescue Workers Struggle Under Relentless Bombardment,"By Maggie MichaelTEHRAN, March 17 (Reuters) - As U.S. and Israeli air strikes pound Tehran, Iranian ⁠rescue ⁠workers are braving the risk of...",2026-03-17T18:38:09Z
pcmag,jordan minor,March Madness 2026: How to Watch the First Four NCAA Tournament Games Live Without Cable,"You don't need a pricey cable TV subscription to see which teams claim the final tournament spots. Stream every monster dunk, deep three, and big block with these top-rated video streaming services and VPNs.",2026-03-17T18:38:06Z
hoodline,damon r sheffield,North Shore Showdown: Schneider Faces Progressive Push In 10th District Primary,"Incumbent Brad Schneider faces Morgan Coghill in the Illinois 10th District primary; polls close at 7 p.m., and returns begin after precincts report.",2026-03-17T18:38:04Z
openpr,abnewswire,Michigan-Based Spiritual Hollywood LLC Gains Global Attention as an Online Spiritual Ritual Service Founded by Minister Rodney J. Ward Jr.,"Image: https://www.abnewswire.com/upload/2026/03/7d2eabfa9e7ca8fe13cbdd2a77d88cd7.jpg DETROIT, Michigan - Spiritual Hollywood LLC, a Michigan-based spiritual consulting company, is emerging as one of the most widely discussed online spiritual ritual services. Founded by ordained minister and entrepreneur Minister Rodney J. Ward Jr., the company has built",2026-03-17T18:38:03Z
yahoo,,"The Lakers & Hawks Can't Stop Winning, Luka & Wemby Pushing for MVP + Team USA Takeaways","Nekias Duncan and Steve Jones check in on the Los Angeles Lakers and Atlanta Hawks, boasting six and ten-game winning streaks respectively.",2026-03-17T18:38:02Z
norfolkdailynews,,Global Apparel Brands Expand Use of CiCLO® Technology in Performance Fabrics to Address Microplastic Fiber Pollution,"GASTONIA, N.C., March 17, 2026",2026-03-17T18:38:00Z
shacknews,tj denzer,Take-Two CEO Strauss Zelnick says the idea that AI can make GTA is a 'laughable notion',"When asked if Google's Project Genie could level the playing field for people that want to make games like GTA, Zelnick responded 'not even a little bit.'",2026-03-17T18:38:00Z
recorderonline,george varga; the san diego union-tribune,"Mission Bayfest 2026 headliners include the Offspring, Kolohe Kai and Rebelution","SAN DIEGO — San Diego’s Mission Bayfest will celebrate its fifth anniversary this year with a music lineup headlined by the Offspring, Rebelution and Hawaiian reggae-pop favorite Kolohe Kai. A total of 27 bands and solo acts, including Steel Pulse...",2026-03-17T18:38:00Z
southernminn,,"Schmidtke, Arthur",Arthur Schmidtke,2026-03-17T18:38:00Z
ukrinform,ukrinform,"Czech opposition pledges continued support for Ukraine, promises to hold government accountable","In the Czech Republic, many politicians – especially within the current opposition – and citizens are working to ensure that support for Ukraine continues.",2026-03-17T18:38:00Z
google,,Brain Tumors Use Sugar Metabolism to Evade Immune Response - Mirage News,Brain Tumors Use Sugar Metabolism to Evade Immune Response Mirage News,2026-03-17T18:38:00Z
gamespot,alessandro barbosa,PlayStation Portal's New Update Will Make All Your Games Look A Lot Better,"Sony's PlayStation Portal continues to see strong support from the PlayStation 5 manufacturer, with today's latest update introducing options that will let you choose better visuals for both local remote and cloud play. As part of an update that is rolling out to PlayStation Portal users today, Sony is introducing a new streaming quality toggle. This new 1080p High Quality mode increases the overall bitrate for both local PlayStation 5 remote play sessions and cloud streams, providing a clearer visual presentation and better fine details. It requires a stringer connection for a consistently smooth gameplay experience, but if you have the bandwidth to support it, all of your Portal sessions should now look a lot better. As part of its ongoing effort to make the Portal feel more like a platform as opposed to a PS5 accessory, the update is also making tweaks to the user experience. Are you irritated by the way the PlayStation Store consolidates all versions of a game into a single page? Well now, you'll be able to choose individual games from bundles on the PlayStation Store when selecting a product to stream, so that you can get into the version you actually want to play faster. Additionally, improved notifications for game invites will prevent you from missing any messages from friends, while better Trophy descriptions bring the Portal's presentation of them closer to that of the PS5, will the added bonus of a new animation for Platinum ones. Continue Reading at GameSpot",2026-03-17T18:38:00Z
ft_lk,,Springboks: Rassie Erasmus includes 16 World Cup winners in virtual alignment camp,"Springboks head coach Rassie Erasmus has called in two uncapped players in the form of Carlü Sadie and JJ van der Mescht to his 21-man group for the latest virtual alignment camp. Elsewhere, Herschel Jantjies and Lukhanyo Am also make their return to the Test picture, having not worn the green and gold jersey since 2023 and 2024 respectively, and are among 16 World Cup winners in the group. The quartet have been included in Erasmus’ 21-player g",2026-03-17T18:38:00Z
ft_lk,,Gavaskar links Sunrisers signing of Pakistan’s Abrar to Indian deaths,India cricket legend Sunil Gavaskar has alleged that the signing of Pakistan spinner Abrar Ahmed by an Indian-owned Hundred franchise in England “indirectly contributes to the deaths of Indian soldiers and civilians”. Players from Pakistan have not featured in the Indian Premier League (IPL) since 2009 because of deep-seated diplomatic tensions between the two nations. There was speculation that Pakistan players involved at the inaugural Hundre,2026-03-17T18:38:00Z
express,mataeo smith,Netanyahu shows off punch card kill list to Mike Huckabee,"So far, Israel has killed several top members of Iran's military",2026-03-17T18:38:00Z
yardbarker,this article first appeared; was syndicated,Oilers Lose Leon Draisaitl Remainder of the NHL Regular Season,"According to a statement from the Edmonton Oilers on Tuesday, the team has lost Leon Draisaitl for the remainder of the season. They write, “Leon Draisaitl",2026-03-17T18:38:00Z
cision,cision pr newswire,Global Apparel Brands Expand Use of CiCLO® Technology in Performance Fabrics to Address Microplastic Fiber Pollution,"Adoption is growing across outdoor apparel, athleisure, and protective workwear as the global textile supply chain prepares for Performance Days Munich and the Functional Fabric Fair Portland. GASTONIA, N.C., March 17, 2026 /PRNewswire/ -- As the global textile industry intensifies...",2026-03-17T18:38:00Z
toi,,ORMAS provides market linkage to distressed tomato farmers,"Ganjam's tomato farmers, facing ruin from plummeting prices, found relief as ORMAS connected them to a Cuttack-based buyer. This intervention prevents distress sales, with the company procuring tomatoes directly, ensuring farmers receive a better rate. The initiative aims to secure fair income and reduce product wastage for growers who had anticipated profits.",2026-03-17T18:37:59Z
toi,,"Gemini Horoscope Today, March 18, 2026: Keep your schedule simple","A gentle evolution awaits you today, encouraging deeper ties with family and faith while instilling a subtle sense of accomplishment. The exuberance of children recharges your energy, and your romantic endeavors flourish through witty exchanges. Students may find a harmonious pace in their learning, and new business initiatives could be on the horizon with meticulous organization.",2026-03-17T18:37:58Z
theinventory,,Make This Spring the Most Relaxing Yet with Up To 30% Off at Therabody,"The Theragun has been a fan favorite for years, and you can grab one at one of it's lowest prices right now.",2026-03-17T18:37:58Z
lynnnews_uk,greg plummer,Linnets bring in former Red Devils youngster,King's Lynn Town have signed a player who turned down the offer of a three-year professional contract with Premier League giants Manchester United.,2026-03-17T18:37:56Z
google,,Man charged after ute filmed screaming down Melbourne street on rims - 9News,Man charged after ute filmed screaming down Melbourne street on rims 9News View Full coverage on Google News,2026-03-17T18:37:56Z
devdiscourse,devdiscourse news desk,Defection Drama: Pradyut Bordoloi's Resignation Stuns Congress Before Assam Elections,"Defection Drama: Pradyut Bordoloi's Resignation Stuns Congress Before Assam Elections In a significant political move, Assam Lok Sabha MP Pradyut Bordoloi resigned from the Congress party just weeks before the state assembly elections. The resignation, which highlights internal party disputes, could impact Congress's prospects in the upcoming polls and emphasizes the political maneuvers at play. Bordoloi, a seasoned politician with a legacy of leadership in Assam, sent his resignation letter to AICC President Mallikarjun Kharge. The resignation, described as a sad but necessary step, underscores the pressure within Congress circles amidst allegations of orchestrated defamation by state figures. The political fallout sees Bordoloi’s son as a candidate from Margherita, while Congress strives to maintain unity. Senior leaders are engaged in damage control, tackling narratives of disloyalty while ensuring electoral strategies are refined to face the saffron surge in the state.",2026-03-17T18:37:55Z
montgomeryadvertiser,,Auburn football injury updates: Alex Golesh highlights AU's health at spring practice,,2026-03-17T18:37:55Z
cleveland,,Cleveland mom accused of killing daughters had troubled past,"Past reports show Aliyah Henderson, accused of killing Amor Wilson and Mila Chatman, had a history of alleged violence, assault and multiple police encounters dating back to 2014.",2026-03-17T18:37:54Z
newschannel9,wtvc tue; march,How wearable devices can support personal injury claims,Personal injury cases often hinge on the ability to prove how an accident changed a person's life.,2026-03-17T18:37:53Z
qctonline,qct editor,"Tickets now on sale for QAC’s joyous, jiving Grease","Tickets now on sale for QAC’s joyous, jiving Grease Submitted by the Quebec Art Company The Quebec Art Company jumps and jives back to the 1950s with its production of ... Continue reading Tickets now on sale for QAC’s joyous, jiving Grease → The post Tickets now on sale for QAC’s joyous, jiving Grease appeared first on The Quebec Chronicle Telegraph .",2026-03-17T18:37:50Z
bhpioneer,,Florida man faces execution for the killing of a young mom who called 911 while tied up in his car,A Florida man is set to be executed for the rape and murder of a young mother who frantically called 911 while she was tied up in her attacker's car. Fifty-four-year-old Michael Lee King is scheduled to receive a lethal...,2026-03-17T18:37:49Z
chronicleonline,,Florida man faces execution for the killing of a young mom who called 911 while tied up in his car,A Florida man is set to be executed for the rape and murder of a young mother who frantically called 911 while she was tied up in her attacker's car. Fifty-four-year-old Michael Lee King is scheduled to receive a lethal...,2026-03-17T18:37:49Z
nvdaily,david fischer,Florida man faces execution for the killing of a young mom who called 911 while tied up in his car,A Florida man is set to be executed for the rape and murder of a young mother who frantically called 911 while she was tied up in her attacker's car. Fifty-four-year-old Michael Lee King is scheduled to receive a lethal...,2026-03-17T18:37:49Z
wthr,,Florida man faces execution for the killing of a young mom who called 911 while tied up in his car,A Florida man is set to be executed for the rape and murder of a young mother who frantically called 911 while she was tied up in her attacker's car....,2026-03-17T18:37:49Z
abc4,,Florida man faces execution for the killing of a young mom who called 911 while tied up in his car,"STARKE, Fla. (AP) — A Florida man is scheduled to be executed Tuesday for the rape and murder of a young mother who frantically called 911 on her attacker's cellphone while she was tied up in his car. Michael Lee King, 54, is set to receive a three-drug injection starting at 6 p.m. at Florida [...]",2026-03-17T18:37:49Z
messenger_inquirer,david fischer,Florida man faces execution for the killing of a young mom who called 911 while tied up in his car,A Florida man is set to be executed for the rape and murder of a young mother who frantically called 911 while she was tied up in her attacker's car. Fifty-four-year-old Michael Lee King is scheduled to receive a lethal...,2026-03-17T18:37:49Z
nwahomepage,"associated press, david fischer",Florida man faces execution for the killing of a young mom who called 911 while tied up in his car,"STARKE, Fla. (AP) — A Florida man is scheduled to be executed Tuesday for the rape and murder of a young mother who frantically called 911 on her attacker's cellphone while she was tied up in his car. Michael Lee King, 54, is set to receive a three-drug injection starting at 6 p.m. at Florida [...]",2026-03-17T18:37:49Z
tdtnews,my account,Florida man faces execution for the killing of a young mom who called 911 while tied up in his car,A Florida man is set to be executed for the rape and murder of a young mother who frantically called 911 while she was tied up in her attacker's car. Fifty-four-year-old Michael Lee King is scheduled to receive a lethal...,2026-03-17T18:37:49Z
cbs17,,Florida man faces execution for the killing of a young mom who called 911 while tied up in his car,"STARKE, Fla. (AP) — A Florida man is scheduled to be executed Tuesday for the rape and murder of a young mother who frantically called 911 on her attacker's cellphone while she was tied up in his car. Michael Lee King, 54, is set to receive a three-drug injection starting at 6 p.m. at Florida [...]",2026-03-17T18:37:49Z
kxan,,Florida man faces execution for the killing of a young mom who called 911 while tied up in his car,"STARKE, Fla. (AP) — A Florida man is scheduled to be executed Tuesday for the rape and murder of a young mother who frantically called 911 on her attacker's cellphone while she was tied up in his car. Michael Lee King, 54, is set to receive a three-drug injection starting at 6 p.m. at Florida [...]",2026-03-17T18:37:49Z
wsav,,Florida man faces execution for the killing of a young mom who called 911 while tied up in his car,"STARKE, Fla. (AP) — A Florida man is scheduled to be executed Tuesday for the rape and murder of a young mother who frantically called 911 on her attacker's cellphone while she was tied up in his car. Michael Lee King, 54, is set to receive a three-drug injection starting at 6 p.m. at Florida [...]",2026-03-17T18:37:49Z
enidnews,david fischer,Florida man faces execution for the killing of a young mom who called 911 while tied up in his car,A Florida man is set to be executed for the rape and murder of a young mother who frantically called 911 while she was tied up in her attacker's car. Fifty-four-year-old Michael Lee King is scheduled to receive a lethal...,2026-03-17T18:37:49Z
benzinga,,What's Going On With Lululemon Athletica Stock Tuesday?,"Lululemon Athletica Inc. (NASDAQ: LULU ) shares are up on Tuesday as the company is facing scrutiny from shareholders regarding its leadership and strategic direction. The firm will release its financial results for the fourth quarter and full year fiscal 2025 today (Tuesday, March 17, 2026). The company will host a conference call at 4:30 p.m. Eastern time to discuss the results. Chip Wilson , the founder and a significant shareholder of Lululemon, has publicly called for the company’s leadership to address critical questions about its future direction. “As Lululemon reports its fourth quarter and full year 2025 results, shareholders will be critically evaluating the company’s claims of success or improvement,” per Wilson’s statement in a release. “The core issue at Lululemon is one the company has struggled with for years: there is a disconnect between the company’s creative engine and the Board’s understanding for how brand power and product excellence fuel cultural strength, margin durability and long-term shareholder value.” Wilson emphasized the need for accountability and oversight, particularly regarding the disconnect between ... Full story available on Benzinga.com",2026-03-17T18:37:48Z
newsweek,andrew ravens‎,WWE Fans Spark Wild Theories on Randy Orton’s Mystery Caller,Randy Orton's cryptic phone call on the March 16 episode of Raw sent fans into speculation mode,2026-03-17T18:37:47Z
energyintel,,European Border Price Estimates,"Estimated natural gas prices via various routes to seven European countries, monthly from 1990.",2026-03-17T18:37:47Z
sowetanlive,michelle banda,Viral abuse videos spark anti-bullying campaign in Free State,A municipality in the Free State has launched an anti-bullying campaign after a video on social media showing pupils being bullied by schoolmates at Ntsu secondary school in Bethlehem.,2026-03-17T18:37:45Z
cbc,cbc news,5 youths arrested after alleged car theft and collision in Shearwater,Emergency crews responded to a collision in Shearwater late Monday and determined that one of the vehicles involved was stolen from Truro earlier in the day.,2026-03-17T18:37:44Z
electrek,peter johnson,A solid-state EV battery that can achieve 800 miles of driving range — It’s becoming a reality,"Solid-state batteries are called the “holy grail” of EV battery tech for a reason, right? The new battery tech is quickly moving from the lab to the real world, with some claiming to unlock over 800 miles of driving range. more...",2026-03-17T18:37:44Z
yorkpress,abby backhouse,Long Boi fans greet Greg James as he arrives in York during epic challenge,Greg James has arrived in York as part of an epic cycle across the UK for Comic Relief.,2026-03-17T18:37:43Z
gazetteherald_uk,abby backhouse,Long Boi fans greet Greg James as he arrives in York during epic challenge,Greg James has arrived in York as part of an epic cycle across the UK for Comic Relief.,2026-03-17T18:37:43Z
indianexpress,soham shah,50 SSC board exam question papers stolen in Maharashtra a day before exam,No change in exam schedule,2026-03-17T18:37:43Z
dr1,,Oops! We ran into a problem.,I'm getting lots of this message over the last couple of days.,2026-03-17T18:37:41Z
middleeasteye,,"Seven drones intercepted in 'past several hours', Saudi Arabia says","Seven drones intercepted in 'past several hours', Saudi Arabia says Saudi Arabia’s defence ministry said on X that seven drones were intercepted and destroyed “in the past several hours” in the country’s oil-rich eastern region.",2026-03-17T18:37:41Z
whatnowaus,evan gallagher,"Ann Arbor’s Krazy Jim’s Blimpy Burger Under New Ownership, Reopening in May",The burger joint that has been around since 1953 is entering a new chapter.,2026-03-17T18:37:40Z
miamiherald,,Florida shouldn’t give any governor the power to decide who is a terrorist | Opinion,"Florida Governor Ron DeSantis delivers his State of the State address during the first day of the legislative session at the Florida State Capitol on Tuesday, Jan. 13, 2026, in Tallahassee, Fla.",2026-03-17T18:37:39Z
cinemablend,mack rawden,Tournament Of Champions Had To Include A Safety Warning Because The Chefs Got Too Wild,Don't try any of this at home.,2026-03-17T18:37:39Z
yahoo,cbc,RCMP officer in N.W.T. pleads not guilty to sexual assault,"An N.W.T. RCMP officer who was charged with sexual assault in November last year, has pleaded not guilty in court on Tuesday.",2026-03-17T18:37:34Z
cbs17,,Multiple Durham law enforcement officers rush to incident at North Carolina School of Science and Math,"DURHAM, N.C. (WNCN) — An apparent investigation is underway at a high school in northeast Durham after law enforcement from the Durham Police Department, Durham County Sheriff's Office, and other emergency officials rushed to the parking lot. The North Carolina School of Science and Math was at the center of the heavy police presence around [...]",2026-03-17T18:37:34Z
cbc,tamara merritt,RCMP officer in N.W.T. pleads not guilty to sexual assault,"An N.W.T. RCMP officer who was charged with sexual assault in November last year, has pleaded not guilty in court on Tuesday.",2026-03-17T18:37:34Z
barcablaugranes,gill clark,‘It works for me’ – Hansi Flick reveals penalty superstition ahead of Barcelona’s Champions League tie,Barcelona take on Newcastle in the Champions League on Wednesday in a game that could end up going to extra-time and penalties. The tie is locked at 1-1 after the first leg at St James’ Park and if it does go the distance don’t be surprised if Hansi Flick can’t bear to watch. Flick was [...],2026-03-17T18:37:33Z
albanyherald,kathryn crockett,Panama City Beach tightens spring break rules amid travel delays and last year’s violence,"For many in southwest Georgia, Panama City Beach, Fla. — about a four-hour drive from Albany — has long been a go-to spring break destination.",2026-03-17T18:37:32Z
mirroruk,,Marcus Rashford to Barcelona update as election result sparks instant agreement,Barcelona re-elected Joan Laporta last week and he's seen to hand Hansi Flick a new deal at the Nou Camp with Marcus Rashford looking to earn a permanent move to Spain,2026-03-17T18:37:31Z
independentug,the independent,Trump not ready to end conflict with Iran,"WASHINGTON, the United States | Xinhua | U.S. President Donald Trump said Tuesday that Washington is “not ready” to end the conflict with Iran, which is now entering its third week. “We’re not ready to leave yet, but we’ll be leaving in the near future,” Trump told reporters at the White House. Asked whether the ... The post Trump not ready to end conflict with Iran appeared first on The Independent Uganda: .",2026-03-17T18:37:27Z
yahoo,,Eddie Howe says Newcastle will not ‘shrink’ in Barcelona last-16 second leg,"Eddie Howe said Newcastle are ‘in as good a place as any time this season,’ as they prepared for the second leg of their last-16 tie in Barcelona",2026-03-17T18:37:25Z
google,,Brain tumors hijack sugar metabolism to evade immune attack - Northwestern Now News,Brain tumors hijack sugar metabolism to evade immune attack Northwestern Now News,2026-03-17T18:37:25Z
theguardian,,Eddie Howe says Newcastle will not ‘shrink’ in Barcelona last-16 second leg,"‘We are in as good a place as any time this season’ Howe says Tonali ‘fully committed’ to the club A week ago Eddie Howe called it the “biggest match in the club’s history”, and that was in Newcastle; this time it’s Barcelona, but Howe has insisted his players will not be overawed when they walk out at Camp Nou for the second leg of their Champions League last-16 second leg on Wednesday night. “You can’t shrink at the size of the game, and I don’t think we will,” the Newcastle manager said. “We have got many players who have played in so many games now; we have become accustomed to it.” Continue reading...",2026-03-17T18:37:25Z
basingstokegazette,matt rooks-taylor,Road closed after car crashes into traffic island,Cliddesden Lane in Basingstoke is closed after a crash.,2026-03-17T18:37:25Z
newarab,the new arab staff & agencies,Iran vets friendly ships for Hormuz passage: trackers,"Iran has reportedly granted selective passage via a coastal channel to friendly or non‐US‐allied ships, while maintaining a broader wartime blockade.",2026-03-17T18:37:24Z
simpleflying,josh eyre,The Great Reroute: How Boeing Is Moving Parts Around A War Zone,"Boeing is reviewing supply chain risks as Middle East conflict disrupts key routes, raising costs and threatening aircraft production timelines.",2026-03-17T18:37:22Z
amarujala,रोहतक ब्यूरो,"Rewari News: सरसों से अटी अनाज मंडी, आवक बढ़ी","Grain market filled with mustard, arrival increased",2026-03-17T18:37:21Z
freepressjournal,ashish singh,Igatpuri Call Centre Set Up By Nashik Police Officials: CBI probe,"The Central Bureau of Investigation probe has revealed that the Igatpuri-based call centre was allegedly established with the assistance of Nashik Police officials, who are suspected to have facilitated infrastructure, location selection, and operational logistics. Investigators are now examining the extent of official involvement and the financial trail linked to the operation.",2026-03-17T18:37:21Z
deadlinenews,john hislop,Date announced for Hibs End of Season Awards night,"Hibs have announced that the 2025/26 End of Season awards, with three events all taking place in the Famous Five Suite at Easter Road, will take place on Sunday 17th May. Following the success of the 2024/25 Awards nights, the Club has confirmed that it will once again host three separate awards celebrations – recognising [...] The post Date announced for Hibs End of Season Awards night appeared first on Deadline News .",2026-03-17T18:37:20Z
vancouverisawesome,"the canadian press, lauren krugel","Canada Energy Regulator projects power generation surge, with wind a major new source","CALGARY — A new report from the Canada Energy Regulator is projecting significant growth in electrical generation between now and 2050, in part due to new artificial intelligence data centres' thirst for power.",2026-03-17T18:37:19Z
tekedia,paul ugbede godwin,US Spot Bitcoin ETFs Record $767M in Net Inflows,"U.S. spot Bitcoin ETFs recorded approximately $767 million in net inflows over the past week marking the first five consecutive days of positive inflows in 2026 and the third straight week of net positive flows. This streak reversed earlier volatility and outflows seen in parts of the year, signaling renewed institutional demand despite ongoing market [...] The post US Spot Bitcoin ETFs Record $767M in Net Inflows appeared first on Tekedia .",2026-03-17T18:37:19Z
masslive,,Kate Spade Outlet is having a huge handbag sale with prices starting at only $50,"If you've been waiting for the perfect time to grab a designer bag at an affordable price, this is it.",2026-03-17T18:37:18Z
dailynewsegypt,daily news egypt,"120,000 taxpayers voluntarily join simplified tax system: Finance Minister","Egypt’s Minister of Finance Ahmed Kouchouk said that the Egyptian government is maintaining direct communication with investors to tackle tax, customs, and financial challenges through practical, actionable solutions. Speaking at the annual conference of the Federation of Small and Medium Enterprises Investors, which brought together entrepreneurs from across the governorates, Kouchouk praised the open dialogue [...] The post 120,000 taxpayers voluntarily join simplified tax system: Finance Minister first appeared on Dailynewsegypt .",2026-03-17T18:37:17Z
techbullion,sachin negi; angela scott-briggs; techbullion,Feather Exchange Introduces a Structured Price Corridor for Digital Asset Trading,"Cryptocurrency markets have long been associated with dramatic volatility, where prices can rise rapidly but fall just as quickly. While this environment has created opportunities for traders, it has also introduced significant uncertainty. Feather Exchange is proposing a different approach through a mathematically structured trading model designed to guide market growth within clearly defined boundaries. [...] The post Feather Exchange Introduces a Structured Price Corridor for Digital Asset Trading appeared first on TechBullion .",2026-03-17T18:37:16Z
sportingnews,billy heyen,Radko Gudas suspension criticized for NHL conflict of interest after Auston Matthews' season-ending injury,This is definitely something that raises eyebrows.,2026-03-17T18:37:16Z
rblandmark,nicole cavaliere,Glib about the impact of AI,"As someone who has had direct interaction with Kylie Lindquist, assistant principal for Curriculum & Instruction at RBHS, I take major issue with her statement in the article titled, “Is AI doing harm to local students?” published on March 4. In the article she states, “We recently just talked about AI in terms of when [...] The post Glib about the impact of AI appeared first on Riverside-Brookfield Landmark .",2026-03-17T18:37:13Z
devdiscourse,devdiscourse news desk,"Wall Street Swells Amid Travel Sector Rally, Fed's Inflation Dilemma Looms","Wall Street Swells Amid Travel Sector Rally, Fed's Inflation Dilemma Looms Wall Street experienced an uplift on Tuesday, championed by a strong performance in the travel sector, notably Delta Air Lines, amid ongoing investor concerns about global instability and Fed policies. Travel industry stocks bounced back with significant gains after experiencing recent losses due to geopolitical tensions and fluctuating energy prices. As these stocks rebounded, market eyes were on the Federal Reserve's meeting, focusing on its approach to addressing inflation amidst rising crude prices. Amidst the anticipation over borrowing rates, the S&P 500 saw positive movement as several sector indexes gained traction, although there remained an underlying tension linked to both the Middle East situation and soaring AI-related valuations.",2026-03-17T18:37:12Z
abc_net,stephanie dalzell,Middle East war forces pharmaceutical companies to divert critical medicines,"The Middle East war is forcing major pharmaceutical companies to divert critical medicines away from one of the world's most important trade routes, to ensure there are no supply issues in Australia.",2026-03-17T18:37:12Z
smallwarsjournal,swj staff,"Event today in Phoenix, AZ: “Putin’s Sledgehammer: The Wagner Group and Russia’s Collapse into Mercenary Chaos” by Candace Rondeaux","Professor Candace Rondeaux of Arizona State University and New America will be discussing her latest book, Putin’s Sledgehammer: The Wagner Group and Russia’s Collapse into Mercenary Chaos, today in Phoenix, AZ! Candace Rondeaux- Professor of Practice, Senior Director, Future Frontlines and Planetary Politics at New America, formerly of U.S. Institute of Peace, U.S. Special Inspector General for Afghanistan Reconstruction. This ... Read more The post Event today in Phoenix, AZ: “Putin’s Sledgehammer: The Wagner Group and Russia’s Collapse into Mercenary Chaos” by Candace Rondeaux appeared first on Small Wars Journal by Arizona State University .",2026-03-17T18:37:09Z
limaohio,j swygart,Area fire departments awarded state grant funds,"COLUMBUS – The Ohio Department of Commerce Division of State Fire Marshal has announced the recipients of 2026 Equipment Grant and Training Reimbursement grants. The funding from those grants will help equip fire departments throughout Ohio with the resources they need to purchase essential gear, strengthen training opportunities and enhance overall readiness to protect Ohio communities. Continue reading at LimaOhio.com.",2026-03-17T18:37:07Z
devdiscourse,devdiscourse news desk,India's Semiconductor Surge: A USD 300 Billion Opportunity by 2035,"India's Semiconductor Surge: A USD 300 Billion Opportunity by 2035 India's semiconductor market is on the cusp of a massive transformation, with projections indicating a surge to USD 300 billion by 2035. This growth is largely driven by the booming adoption of artificial intelligence (AI), automotive advancements, and the expansion of data centers, according to a Deloitte report. As of now, India imports over 90% of its semiconductor needs. However, by 2035, it's poised for a seismic shift with local production anticipated to fulfill more than 60% of domestic demand. Deloitte's report emphasizes the role of the India Semiconductor Mission (ISM) and substantial state incentives that back this progress. The burgeoning market is forecast to create roughly 2 million jobs by 2035, with significant investments in manufacturing and design services. Yet, to sustain this momentum, the report underscores the necessity for robust policy frameworks, improved coordination between central and state governments, and enhanced training facilities.",2026-03-17T18:37:07Z
bloomberg,,Unilever Considers Potential Separation of Food Assets,,2026-03-17T18:37:06Z
hoodline,sarah johnson,Ann Arbor Bets $35 Million On Sky-High Affordable Tower Downtown,"Ann Arbor authorized notice to issue up to $35M in bonds to help finance a 20-story, 330-unit affordable housing tower at 350 S. Fifth Ave.",2026-03-17T18:37:06Z
